event,time,req_id,user_id,val1,val2
ARRIVAL,100.076,1,21,2.941,264.256
ARRIVAL,102.287,2,28,100.168,186.046
COMPLETE,103.017,1,21,2.941
ARRIVAL,104.843,3,25,0.345,289.741
COMPLETE,105.188,3,25,0.345
ARRIVAL,115.551,4,29,8.023,129.933
ARRIVAL,123.255,5,11,34.757,244.334
COMPLETE,123.574,4,29,8.023
ARRIVAL,131.511,6,38,30.757,231.191
ARRIVAL,139.560,7,27,12.762,183.684
ARRIVAL,140.144,8,42,77.422,159.321
ARRIVAL,146.468,9,9,36.048,299.164
ARRIVAL,147.753,10,24,26.467,172.262
ARRIVAL,148.577,11,48,2.054,292.731
COMPLETE,152.322,7,27,12.762
COMPLETE,154.376,11,48,5.799
ARRIVAL,154.709,12,12,51.836,138.500
COMPLETE,158.112,5,11,34.857
ARRIVAL,160.337,13,23,5.143,105.657
ARRIVAL,161.236,14,22,0.553,256.728
ARRIVAL,163.737,15,20,29.529,213.737
ARRIVAL,164.558,16,46,52.283,251.628
ARRIVAL,176.748,17,49,50.044,282.468
COMPLETE,183.354,13,23,23.017
ARRIVAL,185.353,18,1,20.435,230.781
ARRIVAL,185.795,19,7,20.673,182.114
ARRIVAL,189.792,20,30,23.169,172.652
COMPLETE,193.367,15,20,29.629
ARRIVAL,202.977,21,32,20.850,257.470
COMPLETE,203.340,14,22,42.105
ARRIVAL,211.465,22,5,17.951,228.023
COMPLETE,214.098,6,38,82.587
COMPLETE,214.139,19,7,28.344
ARRIVAL,215.672,23,17,15.833,210.026
COMPLETE,219.502,9,9,73.034
ARRIVAL,221.287,24,36,36.612,131.487
ARRIVAL,224.374,25,31,101.115,255.807
ARRIVAL,224.430,26,8,29.067,296.229
ARRIVAL,231.143,27,19,19.954,293.628
COMPLETE,231.504,23,17,15.833
ARRIVAL,233.058,28,29,1.316,165.402
ARRIVAL,241.870,29,35,6.182,170.225
ARRIVAL,247.886,30,43,63.395,194.822
COMPLETE,251.458,27,19,20.315
ARRIVAL,252.939,31,45,1.524,258.766
ARRIVAL,254.164,32,40,75.434,259.125
COMPLETE,254.462,31,45,1.524
COMPLETE,260.765,10,24,113.012
ARRIVAL,270.638,33,33,62.716,245.135
COMPLETE,278.716,22,5,67.251
COMPLETE,280.652,21,32,77.674
ARRIVAL,286.598,34,16,27.737,238.765
COMPLETE,286.833,29,35,44.964
ARRIVAL,295.507,35,6,35.717,138.693
COMPLETE,296.878,17,49,120.129
ARRIVAL,299.252,36,13,7.570,200.727
ARRIVAL,300.869,37,11,6.206,108.754
ARRIVAL,306.241,38,39,8.980,181.121
COMPLETE,314.267,36,13,15.015
ARRIVAL,316.264,39,3,35.382,194.397
ARRIVAL,319.523,40,47,0.176,186.553
COMPLETE,320.473,37,11,19.604
COMPLETE,322.360,28,29,89.301
COMPLETE,328.211,34,16,41.613
COMPLETE,328.386,40,47,8.863
ARRIVAL,333.226,41,25,36.277,247.871
TIMEOUT,334.196,12,12
COMPLETE,339.450,18,1,154.097
ARRIVAL,344.196,42,12,9.737,252.328
COMPLETE,346.058,38,39,39.817
COMPLETE,348.517,26,8,124.087
TIMEOUT,348.685,2,28
ARRIVAL,349.147,43,34,6.580,221.522
ARRIVAL,351.157,44,38,10.268,187.687
ARRIVAL,352.412,45,14,34.184,180.377
COMPLETE,355.727,43,34,6.580
COMPLETE,357.465,20,30,167.673
ARRIVAL,358.685,46,28,30.055,169.719
TIMEOUT,374.887,8,42
ARRIVAL,384.887,47,42,14.534,269.266
ARRIVAL,393.721,48,35,14.190,155.925
ARRIVAL,397.786,49,17,39.653,240.334
COMPLETE,398.623,42,12,54.427
ARRIVAL,401.232,50,0,1.464,219.295
COMPLETE,407.270,16,46,242.712
ARRIVAL,408.675,51,2,6.263,137.800
COMPLETE,410.111,45,14,57.700
ARRIVAL,411.004,52,37,0.016,263.540
COMPLETE,414.900,41,25,81.674
COMPLETE,416.626,44,38,65.469
TIMEOUT,423.882,24,36
COMPLETE,424.645,47,42,39.758
ARRIVAL,427.296,53,9,34.371,271.029
ARRIVAL,428.104,54,26,10.015,149.249
COMPLETE,432.008,39,3,115.744
ARRIVAL,433.091,55,44,10.935,213.529
ARRIVAL,433.882,56,36,14.104,200.651
COMPLETE,434.700,46,28,76.015
ARRIVAL,438.824,57,10,13.118,215.933
COMPLETE,449.191,48,35,55.469
COMPLETE,453.572,50,0,52.340
ARRIVAL,458.733,58,7,11.822,198.488
TIMEOUT,459.699,35,6
COMPLETE,464.815,54,26,36.711
ARRIVAL,469.699,59,6,30.781,177.213
COMPLETE,470.634,55,44,37.543
TIMEOUT,472.685,30,43
COMPLETE,478.919,56,36,45.037
COMPLETE,479.935,51,2,71.259
COMPLETE,479.951,52,37,68.947
ARRIVAL,482.184,60,16,40.282,292.648
COMPLETE,482.666,33,33,212.028
ARRIVAL,482.685,61,43,61.086,213.789
COMPLETE,492.038,57,10,53.213
COMPLETE,492.339,49,17,94.553
ARRIVAL,494.262,62,34,12.462,184.503
COMPLETE,502.556,58,7,43.823
ARRIVAL,503.774,63,11,61.202,266.812
COMPLETE,506.409,53,9,79.113
ARRIVAL,516.581,64,19,19.462,269.920
TIMEOUT,517.990,32,40
ARRIVAL,520.075,65,29,13.140,235.180
TIMEOUT,523.981,25,31
ARRIVAL,527.990,66,40,15.446,124.532
ARRIVAL,533.981,67,31,32.851,212.150
COMPLETE,537.453,64,19,20.871
ARRIVAL,544.114,68,22,0.820,202.592
COMPLETE,544.363,60,16,62.179
COMPLETE,545.001,62,34,50.738
COMPLETE,547.429,68,22,3.315
COMPLETE,550.592,65,29,30.517
ARRIVAL,553.539,69,18,36.115,299.170
COMPLETE,555.782,59,6,86.083
COMPLETE,568.731,63,11,64.956
COMPLETE,571.229,66,40,43.238
ARRIVAL,575.297,70,42,11.458,151.721
ARRIVAL,576.947,71,30,9.213,284.068
COMPLETE,583.543,67,31,49.562
COMPLETE,586.755,70,42,11.458
ARRIVAL,590.124,72,21,67.886,264.233
COMPLETE,592.756,71,30,15.809
ARRIVAL,593.266,73,32,1.198,147.597
COMPLETE,594.463,73,32,1.198
ARRIVAL,596.331,74,24,12.057,295.732
ARRIVAL,604.245,75,33,4.193,194.618
ARRIVAL,610.802,76,38,11.609,166.846
ARRIVAL,610.823,77,27,4.390,162.068
ARRIVAL,613.308,78,20,47.332,108.910
COMPLETE,615.213,77,27,4.390
ARRIVAL,619.852,79,12,22.541,103.158
COMPLETE,622.281,74,24,25.950
COMPLETE,622.411,76,38,11.609
COMPLETE,635.721,75,33,31.476
ARRIVAL,640.467,80,41,7.986,101.218
COMPLETE,642.493,79,12,22.641
ARRIVAL,648.451,81,2,72.770,151.965
ARRIVAL,649.058,82,47,1.238,207.916
COMPLETE,650.295,82,47,1.238
ARRIVAL,651.050,83,25,3.509,127.559
COMPLETE,651.836,69,18,98.297
COMPLETE,652.923,61,43,170.237
ARRIVAL,652.936,84,45,28.946,192.538
COMPLETE,654.559,83,25,3.509
COMPLETE,660.909,80,41,20.442
ARRIVAL,661.276,85,44,10.070,216.968
ARRIVAL,682.670,86,37,150.126,212.101
COMPLETE,683.605,84,45,30.668
ARRIVAL,688.083,87,3,64.049,219.687
ARRIVAL,699.694,88,11,45.982,211.114
ARRIVAL,707.914,89,30,2.300,253.315
COMPLETE,710.483,89,30,2.569
COMPLETE,712.751,85,44,51.475
ARRIVAL,722.539,90,0,162.128,276.924
ARRIVAL,726.619,91,1,76.381,191.014
ARRIVAL,734.147,92,42,12.960,124.578
ARRIVAL,735.299,93,7,29.584,252.444
ARRIVAL,735.685,94,29,7.704,194.798
ARRIVAL,739.771,95,36,8.536,197.651
ARRIVAL,740.194,96,35,4.412,227.294
COMPLETE,740.737,72,21,150.613
ARRIVAL,742.375,97,23,20.644,146.147
COMPLETE,755.599,92,42,21.452
COMPLETE,767.481,96,35,27.287
COMPLETE,779.319,95,36,39.548
ARRIVAL,787.634,98,22,22.767,165.075
TIMEOUT,788.269,78,20
ARRIVAL,795.712,99,6,8.345,167.198
COMPLETE,795.973,94,29,60.288
COMPLETE,797.165,93,7,61.866
ARRIVAL,797.413,100,8,0.229,111.965
ARRIVAL,798.269,101,20,2.561,172.352
COMPLETE,803.468,87,3,115.385
ARRIVAL,805.397,102,9,37.842,173.543
ARRIVAL,806.860,103,17,34.574,261.125
COMPLETE,811.814,99,6,16.102
ARRIVAL,812.829,104,10,62.552,146.226
COMPLETE,814.375,101,20,16.106
COMPLETE,816.127,100,8,18.714
ARRIVAL,817.316,105,45,9.547,221.318
ARRIVAL,824.324,106,38,28.373,133.642
ARRIVAL,845.229,107,25,22.600,213.675
ARRIVAL,848.686,108,27,75.813,189.555
ARRIVAL,852.885,109,31,0.709,134.665
ARRIVAL,863.004,110,24,180.890,168.058
COMPLETE,865.875,105,45,48.558
COMPLETE,870.956,91,1,144.337
ARRIVAL,874.862,111,44,3.464,165.806
COMPLETE,877.018,97,23,134.643
ARRIVAL,879.037,112,13,7.017,245.932
COMPLETE,880.332,98,22,92.698
COMPLETE,881.041,109,31,28.156
ARRIVAL,882.122,113,12,27.429,292.101
COMPLETE,882.999,88,11,183.305
ARRIVAL,883.265,114,19,70.811,271.247
COMPLETE,883.716,102,9,78.319
ARRIVAL,887.542,115,39,1.161,162.759
TIMEOUT,895.769,81,2
ARRIVAL,900.015,116,40,49.544,230.514
ARRIVAL,900.687,117,18,89.386,259.713
ARRIVAL,903.577,118,29,47.250,260.286
COMPLETE,905.630,103,17,98.770
ARRIVAL,905.769,119,2,83.083,199.965
ARRIVAL,908.351,120,36,51.439,157.264
ARRIVAL,915.161,121,3,8.524,234.697
COMPLETE,917.031,115,39,29.489
COMPLETE,927.380,111,44,52.518
ARRIVAL,927.535,122,6,6.524,137.065
COMPLETE,928.330,107,25,83.101
COMPLETE,929.614,106,38,105.290
COMPLETE,936.631,112,13,57.595
TIMEOUT,946.757,86,37
ARRIVAL,946.835,123,35,37.014,125.494
ARRIVAL,956.757,124,37,36.857,264.454
ARRIVAL,958.869,125,14,16.069,192.153
ARRIVAL,964.444,126,4,18.236,117.942
COMPLETE,965.755,121,3,50.594
ARRIVAL,968.628,127,48,5.084,196.625
ARRIVAL,983.526,128,8,25.249,107.898
ARRIVAL,983.747,129,45,45.724,135.073
COMPLETE,993.481,122,6,65.946
ARRIVAL,996.759,130,47,1.441,240.025
ARRIVAL,1010.226,131,23,27.561,233.897
COMPLETE,1015.209,113,12,133.087
ARRIVAL,1020.454,132,26,70.701,253.546
ARRIVAL,1021.397,133,7,3.684,121.765
ARRIVAL,1023.461,134,11,14.905,118.770
ARRIVAL,1025.786,135,9,0.305,291.727
COMPLETE,1033.445,126,4,69.001
COMPLETE,1035.122,130,47,38.363
COMPLETE,1044.899,125,14,86.030
ARRIVAL,1045.271,136,28,83.210,151.071
ARRIVAL,1047.560,137,39,10.937,183.992
TIMEOUT,1048.707,104,10
ARRIVAL,1052.254,138,34,10.488,126.022
COMPLETE,1058.251,116,40,158.236
COMPLETE,1058.629,127,48,90.001
ARRIVAL,1058.707,139,10,20.013,110.953
ARRIVAL,1061.985,140,13,19.343,248.190
COMPLETE,1062.472,118,29,158.896
ARRIVAL,1066.342,141,31,31.695,155.508
ARRIVAL,1085.973,142,22,55.271,266.583
ARRIVAL,1088.929,143,16,13.313,185.098
COMPLETE,1090.133,131,23,79.906
ARRIVAL,1090.855,144,1,7.446,289.475
ARRIVAL,1091.662,145,17,25.998,197.130
COMPLETE,1093.256,134,11,69.795
TIMEOUT,1102.113,123,35
COMPLETE,1102.513,133,7,81.116
TIMEOUT,1104.695,120,36
ARRIVAL,1112.113,146,35,0.928,124.294
COMPLETE,1113.451,137,39,65.890
ARRIVAL,1114.695,147,36,7.093,229.850
COMPLETE,1122.518,135,9,96.732
COMPLETE,1129.576,140,13,67.590
ARRIVAL,1130.308,148,49,13.439,215.059
ARRIVAL,1133.320,149,42,4.909,209.201
COMPLETE,1139.375,124,37,182.618
ARRIVAL,1140.830,150,47,12.391,133.348
ARRIVAL,1143.955,151,21,60.423,259.714
TIMEOUT,1149.363,108,27
COMPLETE,1149.863,138,34,97.609
COMPLETE,1156.810,144,1,65.955
ARRIVAL,1159.363,152,27,16.014,177.159
TIMEOUT,1160.674,114,19
ARRIVAL,1164.515,153,12,79.439,110.088
TIMEOUT,1165.923,128,8
ARRIVAL,1170.674,154,19,15.614,226.570
COMPLETE,1173.016,147,36,58.321
ARRIVAL,1175.923,155,8,16.248,283.175
ARRIVAL,1176.885,156,32,20.567,191.685
ARRIVAL,1176.998,157,46,20.216,295.830
ARRIVAL,1178.472,158,48,16.302,286.337
TIMEOUT,1179.037,90,0
COMPLETE,1183.088,143,16,94.159
TIMEOUT,1183.102,139,10
COMPLETE,1184.029,146,35,71.917
ARRIVAL,1189.037,159,0,16.050,160.943
ARRIVAL,1190.375,160,14,157.804,207.818
ARRIVAL,1190.382,161,5,89.766,297.480
ARRIVAL,1192.229,162,38,9.790,258.344
ARRIVAL,1193.102,163,10,33.965,227.362
ARRIVAL,1193.435,164,23,17.690,256.248
ARRIVAL,1198.243,165,25,1.138,211.979
ARRIVAL,1206.292,166,15,47.048,267.582
COMPLETE,1208.730,154,19,38.056
COMPLETE,1211.529,150,47,70.698
COMPLETE,1215.825,141,31,149.483
COMPLETE,1218.634,148,49,88.325
COMPLETE,1223.542,149,42,90.222
COMPLETE,1225.032,158,48,46.559
ARRIVAL,1227.385,167,20,4.921,135.535
COMPLETE,1227.777,155,8,51.854
TIMEOUT,1229.266,129,45
COMPLETE,1231.839,152,27,72.476
COMPLETE,1233.775,145,17,142.113
ARRIVAL,1237.858,168,29,2.944,164.239
ARRIVAL,1239.266,169,45,16.927,233.575
ARRIVAL,1248.805,170,33,63.755,250.392
ARRIVAL,1250.188,171,40,70.260,180.172
COMPLETE,1254.922,162,38,62.693
TIMEOUT,1258.005,119,2
ARRIVAL,1267.559,172,41,25.626,155.208
COMPLETE,1267.989,159,0,78.952
ARRIVAL,1268.005,173,2,41.762,136.907
COMPLETE,1275.695,164,23,82.260
COMPLETE,1276.833,165,25,78.590
ARRIVAL,1277.626,174,39,18.035,294.146
ARRIVAL,1286.902,175,36,40.517,209.801
COMPLETE,1291.033,168,29,53.175
ARRIVAL,1294.039,176,34,15.609,133.304
TIMEOUT,1303.461,117,18
COMPLETE,1307.959,169,45,68.693
COMPLETE,1308.382,167,20,80.997
COMPLETE,1308.598,157,46,131.599
ARRIVAL,1313.461,177,18,31.625,224.359
ARRIVAL,1316.628,178,6,18.753,259.173
ARRIVAL,1319.112,179,35,37.728,220.137
ARRIVAL,1320.641,180,47,7.323,205.007
ARRIVAL,1327.426,181,19,2.506,175.065
ARRIVAL,1327.656,182,3,7.456,255.111
COMPLETE,1352.742,176,34,58.704
TIMEOUT,1360.567,132,26
COMPLETE,1362.763,163,10,169.661
ARRIVAL,1370.567,183,26,1.713,242.368
ARRIVAL,1372.808,184,30,15.640,162.181
ARRIVAL,1373.946,185,27,36.849,284.026
COMPLETE,1378.602,174,39,100.976
COMPLETE,1390.186,180,47,69.545
ARRIVAL,1392.150,186,9,25.899,137.873
COMPLETE,1395.414,181,19,67.988
COMPLETE,1395.812,172,41,128.253
ARRIVAL,1397.743,187,49,53.412,285.019
TIMEOUT,1399.269,156,32
COMPLETE,1402.870,182,3,75.214
ARRIVAL,1409.269,188,32,43.695,155.610
TIMEOUT,1414.541,142,22
ARRIVAL,1420.653,189,48,7.034,202.865
ARRIVAL,1421.691,190,43,147.096,168.970
ARRIVAL,1424.541,191,22,75.174,156.130
ARRIVAL,1424.748,192,44,22.052,297.602
COMPLETE,1427.538,177,18,114.077
ARRIVAL,1431.608,193,31,2.506,249.677
COMPLETE,1433.294,178,6,116.665
COMPLETE,1438.610,184,30,65.802
COMPLETE,1445.658,166,15,239.366
COMPLETE,1470.473,183,26,99.906
TIMEOUT,1470.896,151,21
COMPLETE,1474.771,189,48,54.118
ARRIVAL,1480.896,194,21,6.148,172.760
ARRIVAL,1486.184,195,8,46.293,221.257
ARRIVAL,1496.476,196,17,30.480,244.663
ARRIVAL,1496.912,197,39,4.387,279.505
COMPLETE,1497.378,193,31,65.770
ARRIVAL,1498.746,198,47,10.589,294.536
ARRIVAL,1503.419,199,34,6.823,100.612
COMPLETE,1508.724,179,35,189.612
ARRIVAL,1510.120,200,0,7.179,185.461
TIMEOUT,1516.904,136,28
ARRIVAL,1526.904,201,28,18.832,112.981
ARRIVAL,1526.963,202,11,17.501,108.153
TIMEOUT,1527.243,161,5
TIMEOUT,1536.343,153,12
ARRIVAL,1537.243,203,5,8.164,144.989
ARRIVAL,1538.751,204,45,3.258,296.139
COMPLETE,1542.491,194,21,61.595
COMPLETE,1542.907,185,27,168.962
TIMEOUT,1543.008,175,36
ARRIVAL,1545.905,205,16,20.861,190.347
ARRIVAL,1546.343,206,12,10.947,237.847
ARRIVAL,1553.008,207,36,25.026,197.574
COMPLETE,1553.597,198,47,54.850
ARRIVAL,1560.694,208,30,3.394,156.528
COMPLETE,1560.776,200,0,50.655
COMPLETE,1562.828,192,44,138.080
ARRIVAL,1565.726,209,41,21.042,266.881
TIMEOUT,1570.786,173,2
COMPLETE,1571.830,197,39,74.918
TIMEOUT,1576.685,186,9
ARRIVAL,1579.319,210,13,75.954,141.044
COMPLETE,1580.329,202,11,53.366
ARRIVAL,1580.786,211,2,15.459,284.507
COMPLETE,1585.242,187,49,187.498
ARRIVAL,1586.411,212,4,36.427,226.549
ARRIVAL,1586.685,213,9,7.936,138.417
COMPLETE,1589.931,199,34,86.512
ARRIVAL,1595.293,214,42,0.943,203.021
TIMEOUT,1600.191,171,40
ARRIVAL,1600.547,215,7,8.531,239.163
COMPLETE,1604.074,201,28,77.170
ARRIVAL,1610.191,216,40,1.767,296.407
COMPLETE,1627.832,206,12,81.489
COMPLETE,1628.454,203,5,91.211
COMPLETE,1628.465,213,9,41.780
TIMEOUT,1631.587,170,33
COMPLETE,1631.712,204,45,92.961
ARRIVAL,1641.587,217,33,0.247,184.039
COMPLETE,1647.668,208,30,86.974
ARRIVAL,1651.749,218,48,39.222,226.179
TIMEOUT,1652.578,110,24
ARRIVAL,1654.199,219,38,28.031,248.034
ARRIVAL,1656.010,220,26,10.893,289.371
TIMEOUT,1656.273,188,32
COMPLETE,1657.095,215,7,56.548
COMPLETE,1657.133,205,16,111.228
COMPLETE,1658.175,209,41,92.449
COMPLETE,1658.863,216,40,48.672
COMPLETE,1662.292,196,17,165.817
ARRIVAL,1662.578,221,24,16.431,101.804
COMPLETE,1663.236,214,42,67.942
ARRIVAL,1666.273,222,32,6.592,235.102
ARRIVAL,1671.146,223,35,3.813,296.889
COMPLETE,1675.290,212,4,88.879
COMPLETE,1675.537,217,33,33.950
ARRIVAL,1678.459,224,23,64.001,133.670
ARRIVAL,1682.611,225,11,70.166,244.232
COMPLETE,1683.227,211,2,102.441
COMPLETE,1689.520,195,8,203.335
COMPLETE,1694.546,207,36,141.538
COMPLETE,1694.707,221,24,32.129
COMPLETE,1702.738,219,38,48.539
ARRIVAL,1703.922,226,15,4.375,106.016
COMPLETE,1705.439,220,26,49.429
ARRIVAL,1707.425,227,3,79.323,163.493
ARRIVAL,1717.406,228,28,60.875,144.485
COMPLETE,1722.330,222,32,56.057
ARRIVAL,1725.996,229,27,17.233,299.170
COMPLETE,1729.352,223,35,58.206
ARRIVAL,1730.296,230,1,23.426,281.807
ARRIVAL,1731.413,231,39,5.799,214.593
ARRIVAL,1733.438,232,37,7.641,130.139
ARRIVAL,1733.526,233,44,21.388,214.661
COMPLETE,1733.727,226,15,29.805
ARRIVAL,1733.768,234,9,51.945,163.517
TIMEOUT,1738.284,210,13
ARRIVAL,1748.284,235,13,11.907,163.485
COMPLETE,1757.505,218,48,105.757
TIMEOUT,1758.809,191,22
COMPLETE,1761.468,232,37,28.030
ARRIVAL,1768.809,236,22,4.624,179.946
COMPLETE,1774.738,229,27,48.742
TIMEOUT,1776.613,160,14
ARRIVAL,1780.295,237,41,21.659,238.467
ARRIVAL,1786.613,238,14,13.189,230.073
COMPLETE,1786.645,235,13,38.361
ARRIVAL,1788.605,239,45,18.066,236.185
ARRIVAL,1793.257,240,49,6.851,137.244
ARRIVAL,1798.164,241,40,0.622,194.211
ARRIVAL,1799.158,242,29,25.409,293.105
ARRIVAL,1799.344,243,16,53.112,200.302
COMPLETE,1799.834,238,14,13.221
COMPLETE,1800.456,241,40,2.292
ARRIVAL,1807.590,244,31,3.265,214.013
ARRIVAL,1808.401,245,38,10.853,139.966
ARRIVAL,1808.533,246,17,20.680,102.791
COMPLETE,1822.612,231,39,91.199
ARRIVAL,1823.655,247,18,26.410,112.154
ARRIVAL,1823.979,248,6,4.305,254.910
COMPLETE,1825.965,242,29,26.807
ARRIVAL,1827.945,249,19,19.951,139.865
TIMEOUT,1828.864,190,43
COMPLETE,1831.451,230,1,101.155
COMPLETE,1832.129,244,31,24.539
ARRIVAL,1833.906,250,12,32.355,167.338
COMPLETE,1836.075,236,22,67.265
ARRIVAL,1838.864,251,43,6.301,234.300
COMPLETE,1842.982,245,38,34.581
COMPLETE,1847.896,249,19,19.951
COMPLETE,1857.563,233,44,124.037
ARRIVAL,1859.388,252,36,50.898,191.289
COMPLETE,1860.778,239,45,72.173
ARRIVAL,1863.316,253,37,1.981,193.799
COMPLETE,1867.387,248,6,43.408
COMPLETE,1867.629,240,49,74.373
ARRIVAL,1871.143,254,15,35.613,219.367
COMPLETE,1881.469,253,37,18.153
COMPLETE,1893.788,251,43,54.923
ARRIVAL,1905.219,255,47,22.676,238.300
COMPLETE,1906.899,243,16,107.555
COMPLETE,1912.467,252,36,53.079
ARRIVAL,1918.063,256,14,18.421,103.003
COMPLETE,1919.255,250,12,85.348
ARRIVAL,1920.473,257,30,78.422,277.419
ARRIVAL,1925.305,258,27,120.154,270.365
ARRIVAL,1927.243,259,2,107.245,101.105
ARRIVAL,1931.314,260,29,1.633,240.596
ARRIVAL,1933.123,261,4,16.629,157.464
ARRIVAL,1934.699,262,48,80.395,121.479
COMPLETE,1936.484,256,14,18.421
TIMEOUT,1937.187,227,3
COMPLETE,1938.845,237,41,158.550
COMPLETE,1942.031,255,47,36.812
ARRIVAL,1946.551,263,8,1.448,165.321
ARRIVAL,1947.187,264,3,81.382,186.152
COMPLETE,1947.999,263,8,1.448
ARRIVAL,1949.851,265,7,43.162,221.837
TIMEOUT,1950.791,234,9
TIMEOUT,1951.470,246,17
TIMEOUT,1957.880,247,18
ARRIVAL,1960.791,266,9,27.507,120.281
ARRIVAL,1961.470,267,17,14.511,155.847
ARRIVAL,1967.880,268,18,9.344,161.838
ARRIVAL,1968.926,269,13,30.084,213.520
ARRIVAL,1971.203,270,25,15.749,172.721
ARRIVAL,1972.089,271,40,12.094,145.808
TIMEOUT,1972.131,224,23
COMPLETE,1978.316,260,29,47.002
ARRIVAL,1982.131,272,23,9.814,254.553
COMPLETE,1984.462,267,17,22.992
ARRIVAL,1988.596,273,1,29.893,116.010
ARRIVAL,1994.737,274,45,29.009,251.237
ARRIVAL,1998.903,275,20,31.573,152.039
TIMEOUT,2002.396,225,11
ARRIVAL,2002.455,276,34,95.034,298.110
ARRIVAL,2007.202,277,26,25.596,133.594
ARRIVAL,2007.711,278,37,12.832,253.832
ARRIVAL,2008.938,279,44,5.750,183.125
ARRIVAL,2012.396,280,11,75.552,289.811
COMPLETE,2016.657,271,40,44.568
COMPLETE,2019.025,261,4,85.902
ARRIVAL,2026.665,281,12,2.088,106.592
COMPLETE,2027.860,268,18,59.980
ARRIVAL,2033.088,282,10,56.686,164.843
COMPLETE,2034.638,254,15,163.494
TIMEOUT,2035.513,228,28
ARRIVAL,2043.085,283,43,33.164,243.514
ARRIVAL,2045.513,284,28,32.506,228.628
COMPLETE,2045.786,266,9,84.996
ARRIVAL,2050.116,285,6,133.011,272.055
COMPLETE,2051.262,270,25,80.059
COMPLETE,2051.536,279,44,42.598
ARRIVAL,2053.466,286,31,37.953,141.419
COMPLETE,2060.019,265,7,110.167
COMPLETE,2061.076,272,23,78.945
ARRIVAL,2066.218,287,14,52.078,210.855
ARRIVAL,2080.886,288,0,58.603,214.870
COMPLETE,2081.720,269,13,112.794
COMPLETE,2082.206,281,12,55.541
ARRIVAL,2110.859,289,5,25.566,258.594
COMPLETE,2111.315,274,45,116.578
ARRIVAL,2117.929,290,21,33.986,180.181
COMPLETE,2121.092,278,37,113.381
COMPLETE,2122.888,275,20,123.985
ARRIVAL,2126.333,291,29,122.649,191.581
COMPLETE,2128.484,277,26,121.282
ARRIVAL,2129.134,292,4,1.831,246.622
ARRIVAL,2131.220,293,35,138.496,221.256
COMPLETE,2139.329,286,31,85.864
ARRIVAL,2140.591,294,8,91.626,286.305
ARRIVAL,2174.602,295,19,9.337,254.922
ARRIVAL,2174.803,296,36,24.146,128.849
COMPLETE,2177.851,257,30,257.378
ARRIVAL,2179.189,297,47,68.205,282.343
TIMEOUT,2191.285,273,1
ARRIVAL,2201.285,298,1,23.347,236.640
COMPLETE,2215.484,283,43,172.399
ARRIVAL,2220.825,299,39,18.348,196.983
ARRIVAL,2222.530,300,7,23.170,155.774
TIMEOUT,2225.570,282,10
ARRIVAL,2227.739,301,33,7.278,297.013
COMPLETE,2227.990,284,28,182.478
COMPLETE,2233.316,292,4,104.182
ARRIVAL,2234.059,302,9,9.718,130.313
ARRIVAL,2234.454,303,22,5.871,192.665
ARRIVAL,2235.570,304,10,47.863,129.430
COMPLETE,2239.556,290,21,121.627
COMPLETE,2243.717,289,5,132.858
ARRIVAL,2254.748,305,49,5.895,179.663
ARRIVAL,2257.093,306,31,112.078,254.194
COMPLETE,2257.427,295,19,82.825
ARRIVAL,2265.655,307,40,1.421,193.325
ARRIVAL,2274.176,308,24,81.952,298.039
COMPLETE,2278.259,288,0,197.373
ARRIVAL,2281.100,309,23,88.296,165.401
COMPLETE,2285.537,301,33,57.798
COMPLETE,2295.255,302,9,61.195
TIMEOUT,2299.009,264,3
ARRIVAL,2303.994,310,37,5.511,112.275
ARRIVAL,2309.009,311,3,20.542,206.235
COMPLETE,2321.250,305,49,66.502
COMPLETE,2322.365,299,39,101.540
ARRIVAL,2323.266,312,42,32.459,177.321
COMPLETE,2324.597,298,1,123.313
ARRIVAL,2324.711,313,30,59.163,207.753
COMPLETE,2330.109,310,37,26.115
ARRIVAL,2332.152,314,38,28.965,138.956
ARRIVAL,2339.622,315,15,14.338,233.752
COMPLETE,2339.687,303,22,105.233
ARRIVAL,2346.239,316,18,26.583,268.272
ARRIVAL,2349.799,317,45,8.479,219.346
ARRIVAL,2362.189,318,26,46.790,211.838
ARRIVAL,2366.029,319,44,12.670,133.403
TIMEOUT,2366.711,296,36
COMPLETE,2368.131,307,40,102.476
ARRIVAL,2376.711,320,36,82.974,182.503
ARRIVAL,2394.170,321,12,8.285,125.552
TIMEOUT,2394.961,280,11
COMPLETE,2398.888,317,45,49.089
ARRIVAL,2404.961,322,11,8.624,256.969
TIMEOUT,2406.751,304,10
ARRIVAL,2406.862,323,46,27.456,143.680
TIMEOUT,2412.065,287,14
TIMEOUT,2412.460,262,48
ARRIVAL,2416.751,324,10,29.018,256.763
TIMEOUT,2418.230,300,7
ARRIVAL,2422.065,325,14,27.464,147.969
ARRIVAL,2422.460,326,48,77.805,229.579
ARRIVAL,2428.230,327,7,13.572,271.550
ARRIVAL,2435.549,328,41,21.923,299.875
COMPLETE,2452.668,315,15,113.046
COMPLETE,2473.634,316,18,127.395
TIMEOUT,2480.004,259,2
COMPLETE,2482.258,322,11,77.297
COMPLETE,2485.438,319,44,119.409
ARRIVAL,2490.004,329,2,12.352,274.762
COMPLETE,2497.016,321,12,102.846
ARRIVAL,2505.460,330,32,8.298,152.890
COMPLETE,2506.081,311,3,197.071
ARRIVAL,2512.813,331,16,1.154,166.360
COMPLETE,2519.652,327,7,91.422
ARRIVAL,2522.299,332,28,35.551,222.024
ARRIVAL,2524.005,333,9,45.411,197.151
TIMEOUT,2532.663,312,42
ARRIVAL,2538.737,334,20,11.385,220.528
ARRIVAL,2542.663,335,42,38.138,166.515
ARRIVAL,2545.977,336,25,18.610,149.014
TIMEOUT,2547.697,276,34
TIMEOUT,2547.851,258,27
TIMEOUT,2547.958,297,47
ARRIVAL,2552.572,337,22,124.450,271.384
ARRIVAL,2555.896,338,21,32.600,255.964
ARRIVAL,2557.697,339,34,14.619,108.705
ARRIVAL,2557.851,340,27,11.171,100.084
ARRIVAL,2557.958,341,47,40.855,156.089
TIMEOUT,2561.720,313,30
TIMEOUT,2566.281,314,38
ARRIVAL,2571.720,342,30,8.720,152.859
COMPLETE,2576.249,330,32,70.789
ARRIVAL,2576.281,343,38,5.404,121.676
COMPLETE,2577.403,331,16,64.590
ARRIVAL,2577.710,344,4,6.391,191.124
ARRIVAL,2582.245,345,17,40.574,163.285
COMPLETE,2586.421,324,10,169.670
COMPLETE,2594.172,329,2,104.167
ARRIVAL,2596.389,346,37,11.034,142.432
TIMEOUT,2601.628,323,46
ARRIVAL,2605.706,347,39,42.714,299.889
TIMEOUT,2608.418,318,26
ARRIVAL,2611.628,348,46,19.550,142.167
ARRIVAL,2618.418,349,26,13.161,160.834
COMPLETE,2619.803,334,20,81.066
COMPLETE,2621.726,328,41,186.177
ARRIVAL,2631.320,350,40,36.897,246.666
ARRIVAL,2636.533,351,12,21.819,291.895
COMPLETE,2640.336,336,25,94.360
ARRIVAL,2641.036,352,1,0.565,255.693
ARRIVAL,2648.110,353,45,3.808,147.730
TIMEOUT,2654.146,325,14
COMPLETE,2655.442,342,30,83.722
ARRIVAL,2655.991,354,13,34.488,107.578
COMPLETE,2660.845,343,38,84.564
COMPLETE,2663.076,339,34,105.379
ARRIVAL,2664.146,355,14,27.167,165.712
TIMEOUT,2674.247,340,27
ARRIVAL,2684.247,356,27,11.523,170.358
ARRIVAL,2686.699,357,11,12.252,128.741
ARRIVAL,2691.835,358,0,2.640,247.224
ARRIVAL,2693.399,359,18,51.170,170.385
ARRIVAL,2696.892,360,15,0.826,259.566
COMPLETE,2699.084,335,42,156.420
COMPLETE,2700.738,344,4,123.028
ARRIVAL,2701.715,361,33,20.488,193.668
ARRIVAL,2702.837,362,43,20.952,153.604
TIMEOUT,2705.972,294,8
ARRIVAL,2715.972,363,8,7.121,114.222
COMPLETE,2716.289,332,28,193.990
COMPLETE,2717.005,346,37,120.616
COMPLETE,2718.634,348,46,107.006
COMPLETE,2721.301,352,1,80.265
COMPLETE,2725.109,353,45,76.999
COMPLETE,2731.795,349,26,113.377
ARRIVAL,2735.240,364,5,4.101,270.258
ARRIVAL,2740.434,365,20,9.391,252.900
ARRIVAL,2745.887,366,32,27.605,104.994
ARRIVAL,2746.696,367,2,16.431,104.769
TIMEOUT,2749.400,285,6
TIMEOUT,2753.847,308,24
ARRIVAL,2759.400,368,6,3.891,158.527
ARRIVAL,2763.847,369,24,35.161,270.878
COMPLETE,2786.199,357,11,99.499
COMPLETE,2788.839,358,0,97.003
COMPLETE,2789.905,338,21,234.009
TIMEOUT,2797.896,309,23
COMPLETE,2798.722,360,15,101.831
COMPLETE,2801.427,356,27,117.180
ARRIVAL,2807.896,370,23,23.902,209.986
ARRIVAL,2817.461,371,34,9.620,110.981
COMPLETE,2822.405,350,40,191.085
COMPLETE,2822.923,364,5,87.683
COMPLETE,2824.224,351,12,187.691
TIMEOUT,2828.334,333,9
COMPLETE,2828.648,363,8,112.677
TIMEOUT,2829.894,341,47
ARRIVAL,2838.334,372,9,100.086,285.348
TIMEOUT,2838.712,354,13
ARRIVAL,2839.894,373,47,88.299,142.897
ARRIVAL,2846.875,374,28,1.419,164.337
ARRIVAL,2848.712,375,13,1.134,189.294
COMPLETE,2852.708,347,39,247.002
COMPLETE,2853.196,361,33,151.481
TIMEOUT,2855.142,367,2
COMPLETE,2858.139,365,20,117.705
COMPLETE,2859.033,368,6,99.633
TIMEOUT,2860.788,291,29
TIMEOUT,2862.007,320,36
COMPLETE,2862.816,371,34,45.355
ARRIVAL,2865.142,376,2,43.072,256.301
TIMEOUT,2869.174,355,14
TIMEOUT,2869.749,345,17
TIMEOUT,2870.421,366,32
ARRIVAL,2870.788,377,29,13.297,172.437
ARRIVAL,2872.007,378,36,28.153,269.297
ARRIVAL,2879.174,379,14,17.030,148.347
TIMEOUT,2879.284,293,35
ARRIVAL,2879.749,380,17,59.088,104.398
ARRIVAL,2880.421,381,32,11.660,135.085
ARRIVAL,2889.284,382,35,14.494,185.333
TIMEOUT,2889.587,362,43
ARRIVAL,2895.606,383,44,5.230,237.606
TIMEOUT,2897.089,326,48
COMPLETE,2898.508,374,28,51.633
ARRIVAL,2899.587,384,43,6.814,222.112
ARRIVAL,2905.717,385,25,3.487,111.400
ARRIVAL,2907.089,386,48,21.682,128.089
ARRIVAL,2907.120,387,1,88.794,130.414
TIMEOUT,2910.586,306,31
COMPLETE,2910.821,375,13,62.109
COMPLETE,2920.360,378,36,48.353
ARRIVAL,2920.586,388,31,55.150,169.881
ARRIVAL,2922.885,389,38,42.680,133.767
COMPLETE,2923.883,377,29,53.095
COMPLETE,2925.782,369,24,161.935
ARRIVAL,2925.914,390,16,108.240,292.451
COMPLETE,2927.173,384,43,27.587
ARRIVAL,2934.962,391,0,139.515,142.360
ARRIVAL,2935.409,392,26,60.592,104.081
COMPLETE,2938.377,382,35,49.093
TIMEOUT,2942.090,359,18
ARRIVAL,2951.017,393,21,18.799,135.046
COMPLETE,2951.113,383,44,55.507
ARRIVAL,2952.090,394,18,26.273,132.249
COMPLETE,2954.599,385,25,48.882
COMPLETE,2959.120,379,14,79.946
ARRIVAL,2967.585,395,46,19.673,194.525
ARRIVAL,2969.295,396,40,27.061,261.746
COMPLETE,2970.780,381,32,90.359
COMPLETE,2974.682,370,23,166.786
ARRIVAL,2987.068,397,7,19.866,125.166
ARRIVAL,2990.263,398,34,37.308,214.744
ARRIVAL,2999.864,399,12,25.396,154.830
ARRIVAL,3016.365,400,15,4.758,134.475
ARRIVAL,3018.419,401,37,52.711,209.232
ARRIVAL,3028.573,402,45,30.177,270.679
ARRIVAL,3029.400,403,19,79.102,145.449
COMPLETE,3034.748,397,7,47.680
ARRIVAL,3045.388,404,29,5.622,257.787
COMPLETE,3046.472,393,21,95.455
ARRIVAL,3051.497,405,4,72.593,178.942
COMPLETE,3054.672,395,46,87.087
TIMEOUT,3056.354,386,48
COMPLETE,3057.920,376,2,192.778
ARRIVAL,3063.898,406,8,88.792,166.064
ARRIVAL,3066.354,407,48,58.726,242.143
ARRIVAL,3067.922,408,39,55.723,288.181
COMPLETE,3074.126,388,31,153.540
TIMEOUT,3082.471,337,22
TIMEOUT,3085.660,380,17
ARRIVAL,3092.471,409,22,25.872,253.999
ARRIVAL,3095.660,410,17,16.262,276.711
COMPLETE,3098.984,400,15,82.619
ARRIVAL,3103.924,411,44,10.072,231.216
COMPLETE,3106.045,396,40,136.750
ARRIVAL,3106.974,412,10,100.782,293.254
ARRIVAL,3111.113,413,13,5.436,202.424
ARRIVAL,3115.567,414,49,15.117,249.705
COMPLETE,3122.276,404,29,76.888
ARRIVAL,3129.298,415,27,45.288,161.796
ARRIVAL,3138.229,416,11,7.102,231.043
COMPLETE,3138.933,410,17,43.273
ARRIVAL,3151.545,417,28,12.292,183.988
ARRIVAL,3151.717,418,43,44.803,114.973
ARRIVAL,3152.443,419,3,21.376,288.697
COMPLETE,3163.553,398,34,173.290
ARRIVAL,3166.556,420,20,17.795,231.061
COMPLETE,3169.105,411,44,65.181
ARRIVAL,3175.903,421,2,44.381,257.495
TIMEOUT,3189.049,399,12
ARRIVAL,3190.477,422,14,131.116,221.513
TIMEOUT,3192.433,394,18
COMPLETE,3194.641,413,13,83.527
TIMEOUT,3195.113,389,38
ARRIVAL,3195.525,423,6,12.331,253.626
ARRIVAL,3199.049,424,12,44.183,255.354
ARRIVAL,3202.433,425,18,19.086,289.591
ARRIVAL,3205.113,426,38,28.015,224.701
COMPLETE,3207.351,401,37,188.932
ARRIVAL,3207.968,427,31,11.800,211.699
COMPLETE,3210.230,414,49,94.664
ARRIVAL,3218.699,428,35,36.917,115.814
COMPLETE,3219.643,417,28,68.098
ARRIVAL,3220.048,429,21,17.249,256.410
ARRIVAL,3224.947,430,23,11.827,246.532
ARRIVAL,3232.238,431,7,74.208,280.922
COMPLETE,3249.978,416,11,111.749
ARRIVAL,3253.356,432,24,18.763,259.636
COMPLETE,3258.469,407,48,192.115
COMPLETE,3260.607,402,45,232.034
TIMEOUT,3278.377,373,47
COMPLETE,3278.402,420,20,111.846
ARRIVAL,3280.289,433,46,62.390,228.290
ARRIVAL,3280.468,434,44,22.026,165.790
COMPLETE,3284.249,409,22,191.779
ARRIVAL,3288.377,435,47,68.385,266.929
ARRIVAL,3291.165,436,36,2.824,250.788
COMPLETE,3296.581,423,6,101.056
TIMEOUT,3297.173,392,26
TIMEOUT,3297.259,372,9
ARRIVAL,3303.643,437,25,32.068,119.885
ARRIVAL,3307.173,438,26,24.253,119.501
ARRIVAL,3307.259,439,9,27.281,293.860
ARRIVAL,3321.848,440,41,14.278,205.286
ARRIVAL,3325.599,441,28,11.915,278.800
COMPLETE,3328.736,425,18,126.303
COMPLETE,3330.429,430,23,105.483
COMPLETE,3333.081,408,39,265.159
COMPLETE,3336.018,429,21,115.970
COMPLETE,3340.535,427,31,132.567
ARRIVAL,3343.290,442,49,15.562,104.132
ARRIVAL,3350.900,443,29,34.447,193.700
COMPLETE,3357.493,419,3,205.051
TIMEOUT,3359.323,387,1
ARRIVAL,3368.081,444,37,42.784,189.375
ARRIVAL,3369.323,445,1,84.839,283.917
COMPLETE,3378.086,432,24,124.730
COMPLETE,3380.910,436,36,89.745
ARRIVAL,3385.795,446,30,43.006,269.098
TIMEOUT,3398.669,415,27
ARRIVAL,3399.085,447,5,8.206,162.315
ARRIVAL,3408.599,448,6,42.966,212.052
ARRIVAL,3408.669,449,27,2.090,123.840
COMPLETE,3412.947,440,41,91.100
ARRIVAL,3417.206,450,11,27.604,137.648
COMPLETE,3424.862,441,28,99.263
TIMEOUT,3438.027,428,35
COMPLETE,3440.424,442,49,97.134
COMPLETE,3442.450,434,44,161.982
ARRIVAL,3445.078,451,18,3.432,157.723
TIMEOUT,3445.908,426,38
ARRIVAL,3448.027,452,35,7.892,226.837
ARRIVAL,3452.388,453,31,64.232,145.459
ARRIVAL,3455.908,454,38,50.415,205.140
ARRIVAL,3474.190,455,23,52.141,211.185
TIMEOUT,3474.619,437,25
ARRIVAL,3481.458,456,3,11.835,234.346
COMPLETE,3481.900,439,9,174.641
ARRIVAL,3484.619,457,25,32.509,280.094
COMPLETE,3489.792,452,35,41.765
TIMEOUT,3490.820,405,4
COMPLETE,3492.910,449,27,84.240
TIMEOUT,3500.338,403,19
ARRIVAL,3500.820,458,4,19.306,157.232
ARRIVAL,3501.019,459,20,16.201,284.633
ARRIVAL,3504.052,460,22,33.773,136.133
TIMEOUT,3508.577,390,16
ARRIVAL,3510.338,461,19,69.698,238.605
COMPLETE,3516.784,447,5,117.699
TIMEOUT,3517.262,438,26
ARRIVAL,3518.577,462,16,23.569,296.960
COMPLETE,3520.694,451,18,75.616
TIMEOUT,3521.587,418,43
TIMEOUT,3525.967,421,2
ARRIVAL,3527.262,463,26,0.922,233.214
ARRIVAL,3531.587,464,43,49.370,192.874
ARRIVAL,3535.967,465,2,57.343,289.418
ARRIVAL,3559.275,466,17,28.382,240.220
COMPLETE,3561.927,456,3,80.469
TIMEOUT,3570.691,424,12
ARRIVAL,3579.696,467,28,0.648,158.686
TIMEOUT,3580.615,443,29
ARRIVAL,3580.691,468,12,6.779,279.222
TIMEOUT,3588.598,450,11
ARRIVAL,3590.615,469,29,7.286,202.739
COMPLETE,3598.228,459,20,97.209
ARRIVAL,3598.598,470,11,58.520,285.051
ARRIVAL,3603.528,471,35,33.381,251.635
COMPLETE,3609.619,463,26,82.357
ARRIVAL,3611.891,472,36,19.327,225.749
ARRIVAL,3622.131,473,40,29.881,270.546
TIMEOUT,3629.135,391,0
TIMEOUT,3629.606,406,8
COMPLETE,3630.198,458,4,129.378
ARRIVAL,3639.135,474,0,7.452,119.058
ARRIVAL,3639.606,475,8,13.042,219.804
ARRIVAL,3646.221,476,48,1.246,103.664
COMPLETE,3649.883,467,28,70.187
ARRIVAL,3656.119,477,41,9.086,196.316
COMPLETE,3656.662,468,12,75.971
TIMEOUT,3659.446,444,37
ARRIVAL,3662.877,478,3,61.523,132.256
COMPLETE,3663.015,462,16,144.438
ARRIVAL,3668.182,479,34,86.341,210.362
ARRIVAL,3669.446,480,37,65.721,159.028
COMPLETE,3670.467,474,0,31.333
COMPLETE,3671.713,476,48,25.492
COMPLETE,3677.092,469,29,86.477
ARRIVAL,3680.048,481,5,63.691,122.466
COMPLETE,3683.854,455,23,209.664
COMPLETE,3692.940,477,41,36.821
COMPLETE,3711.237,457,25,226.618
TIMEOUT,3724.805,431,7
TIMEOUT,3725.587,412,10
ARRIVAL,3734.805,482,7,26.215,108.472
ARRIVAL,3735.587,483,10,41.095,138.681
ARRIVAL,3744.788,484,13,18.031,127.476
COMPLETE,3744.914,472,36,133.023
TIMEOUT,3745.110,460,22
TIMEOUT,3747.920,446,30
ARRIVAL,3755.110,485,22,73.314,253.849
ARRIVAL,3756.691,486,9,164.868,101.395
ARRIVAL,3757.412,487,21,1.143,209.479
ARRIVAL,3757.755,488,49,58.195,159.390
ARRIVAL,3757.920,489,30,39.034,117.962
ARRIVAL,3765.233,490,24,39.759,168.002
COMPLETE,3765.874,466,17,206.598
TIMEOUT,3770.410,433,46
TIMEOUT,3773.376,448,6
ARRIVAL,3773.961,491,15,87.587,164.334
COMPLETE,3778.252,475,8,138.646
ARRIVAL,3780.410,492,46,26.411,258.598
TIMEOUT,3781.760,435,47
ARRIVAL,3783.376,493,6,30.224,240.679
ARRIVAL,3785.421,494,12,12.056,201.544
ARRIVAL,3786.628,495,48,21.506,178.712
ARRIVAL,3787.430,496,18,2.497,177.845
ARRIVAL,3791.760,497,47,77.814,146.827
TIMEOUT,3808.768,454,38
ARRIVAL,3818.768,498,38,36.644,220.293
COMPLETE,3831.571,484,13,86.783
TIMEOUT,3835.544,464,43
COMPLETE,3842.249,471,35,238.721
ARRIVAL,3845.544,499,43,5.908,242.578
TIMEOUT,3852.887,465,2
ARRIVAL,3857.024,500,28,53.242,182.260
ARRIVAL,3862.887,501,2,6.218,281.603
ARRIVAL,3865.584,502,0,7.345,195.173
TIMEOUT,3866.580,453,31
ARRIVAL,3867.527,503,44,54.292,171.147
COMPLETE,3872.914,487,21,115.502
COMPLETE,3874.217,494,12,88.795
ARRIVAL,3876.580,504,31,1.254,133.026
COMPLETE,3876.714,496,18,89.284
COMPLETE,3882.867,473,40,260.737
ARRIVAL,3892.366,505,39,7.374,179.901
ARRIVAL,3904.356,506,27,17.118,188.587
ARRIVAL,3908.106,507,23,3.940,171.389
COMPLETE,3916.573,490,24,151.341
TIMEOUT,3919.329,482,7
ARRIVAL,3929.329,508,7,28.437,145.110
TIMEOUT,3931.720,445,1
ARRIVAL,3941.720,509,1,4.975,103.933
TIMEOUT,3945.150,480,37
COMPLETE,3951.368,501,2,88.481
ARRIVAL,3953.991,510,26,15.041,225.847
ARRIVAL,3954.582,511,45,2.741,240.405
ARRIVAL,3955.150,512,37,60.449,183.161
TIMEOUT,3961.688,470,11
COMPLETE,3962.681,499,43,117.137
COMPLETE,3969.033,502,0,103.449
COMPLETE,3969.092,492,46,188.682
TIMEOUT,3970.854,489,30
ARRIVAL,3971.688,513,11,10.796,269.856
ARRIVAL,3980.854,514,30,47.004,266.426
ARRIVAL,3983.628,515,29,38.345,243.503
COMPLETE,3990.387,504,31,113.806
COMPLETE,3993.132,507,23,85.026
COMPLETE,4001.178,493,6,217.802
COMPLETE,4008.552,505,39,116.186
COMPLETE,4008.686,506,27,104.330
TIMEOUT,4011.992,495,48
TIMEOUT,4012.377,481,5
TIMEOUT,4013.472,483,10
COMPLETE,4016.213,511,45,61.631
COMPLETE,4016.968,509,1,75.248
TIMEOUT,4018.249,461,19
ARRIVAL,4021.992,516,48,90.458,291.139
ARRIVAL,4022.377,517,5,8.181,235.029
ARRIVAL,4023.472,518,10,47.121,247.480
TIMEOUT,4028.084,422,14
ARRIVAL,4028.249,519,19,0.403,213.102
ARRIVAL,4029.501,520,36,25.062,175.757
COMPLETE,4034.894,498,38,216.126
ARRIVAL,4038.084,521,14,72.512,134.884
COMPLETE,4047.109,513,11,75.422
COMPLETE,4048.373,510,26,94.383
ARRIVAL,4062.726,522,12,52.858,230.402
ARRIVAL,4069.505,523,46,4.982,221.358
TIMEOUT,4069.807,478,3
ARRIVAL,4071.808,524,24,31.033,144.471
COMPLETE,4077.988,517,5,55.610
ARRIVAL,4079.807,525,3,12.614,223.609
ARRIVAL,4083.259,526,33,0.587,235.433
ARRIVAL,4084.451,527,13,34.633,199.859
TIMEOUT,4085.404,488,49
ARRIVAL,4089.886,528,8,4.892,282.765
ARRIVAL,4095.404,529,49,59.948,245.672
COMPLETE,4095.597,519,19,67.348
TIMEOUT,4097.010,508,7
ARRIVAL,4097.906,530,18,7.191,249.892
TIMEOUT,4098.718,485,22
ARRIVAL,4107.010,531,7,5.332,222.490
ARRIVAL,4108.718,532,22,47.617,268.214
TIMEOUT,4108.840,500,28
COMPLETE,4116.433,515,29,132.804
ARRIVAL,4118.840,533,28,20.176,174.165
COMPLETE,4133.921,523,46,64.416
ARRIVAL,4138.951,534,32,66.089,199.667
COMPLETE,4139.505,526,33,56.246
TIMEOUT,4143.551,479,34
COMPLETE,4149.147,525,3,69.340
ARRIVAL,4149.830,535,21,20.554,130.465
ARRIVAL,4153.551,536,34,17.716,264.724
ARRIVAL,4159.573,537,1,56.045,186.986
COMPLETE,4164.465,528,8,74.579
TIMEOUT,4168.314,503,44
ARRIVAL,4169.358,538,23,14.830,245.186
COMPLETE,4171.469,514,30,190.615
COMPLETE,4174.309,520,36,144.808
COMPLETE,4175.504,530,18,77.599
ARRIVAL,4178.314,539,44,7.598,270.243
COMPLETE,4179.641,531,7,72.631
TIMEOUT,4201.565,497,47
COMPLETE,4202.603,524,24,130.794
ARRIVAL,4211.565,540,47,57.460,179.202
ARRIVAL,4214.057,541,42,30.517,245.806
ARRIVAL,4215.243,542,41,8.997,127.556
ARRIVAL,4226.180,543,6,34.345,193.493
ARRIVAL,4226.889,544,25,31.161,222.849
ARRIVAL,4234.949,545,5,3.868,204.629
COMPLETE,4237.335,527,13,152.885
COMPLETE,4237.512,533,28,118.672
COMPLETE,4237.557,536,34,84.006
ARRIVAL,4242.754,546,20,1.795,296.635
COMPLETE,4250.634,538,23,81.276
ARRIVAL,4263.865,547,16,39.794,101.690
ARRIVAL,4277.195,548,18,34.310,171.813
ARRIVAL,4286.386,549,35,43.775,244.776
COMPLETE,4286.754,542,41,71.511
TIMEOUT,4287.308,535,21
COMPLETE,4289.103,546,20,46.349
COMPLETE,4289.563,539,44,111.249
ARRIVAL,4293.819,550,40,5.567,191.007
TIMEOUT,4297.150,491,15
ARRIVAL,4297.308,551,21,39.081,294.013
ARRIVAL,4300.669,552,33,61.683,243.459
TIMEOUT,4303.692,522,12
ARRIVAL,4306.749,553,26,33.602,228.608
ARRIVAL,4307.150,554,15,94.934,281.728
COMPLETE,4309.051,529,49,213.647
ARRIVAL,4313.692,555,12,7.972,223.248
COMPLETE,4321.119,545,5,86.170
ARRIVAL,4321.702,556,24,24.001,143.155
TIMEOUT,4324.241,512,37
TIMEOUT,4328.240,518,10
COMPLETE,4331.857,532,22,223.139
ARRIVAL,4334.241,557,37,0.406,225.169
COMPLETE,4334.718,550,40,40.899
ARRIVAL,4338.240,558,10,32.590,209.796
ARRIVAL,4341.035,559,46,46.719,117.381
ARRIVAL,4342.658,560,3,39.125,161.671
TIMEOUT,4354.056,537,1
ARRIVAL,4355.282,561,27,60.121,238.547
COMPLETE,4362.474,541,42,148.417
ARRIVAL,4364.056,562,1,44.368,107.058
COMPLETE,4375.324,557,37,41.084
ARRIVAL,4377.461,563,29,179.666,224.490
COMPLETE,4385.317,544,25,158.428
ARRIVAL,4388.434,564,36,10.909,158.627
ARRIVAL,4390.182,565,0,11.653,241.898
COMPLETE,4396.919,543,6,170.739
ARRIVAL,4397.661,566,28,0.139,242.037
ARRIVAL,4409.107,567,31,31.325,169.107
COMPLETE,4413.389,555,12,99.698
TIMEOUT,4430.850,540,47
COMPLETE,4431.329,548,18,154.134
ARRIVAL,4436.162,568,20,24.725,102.568
ARRIVAL,4440.712,569,5,21.941,133.238
ARRIVAL,4440.850,570,47,39.265,256.612
COMPLETE,4450.410,551,21,153.102
TIMEOUT,4460.592,486,9
COMPLETE,4461.319,564,36,72.884
TIMEOUT,4461.352,521,14
ARRIVAL,4467.558,571,17,8.494,111.873
ARRIVAL,4469.402,572,23,8.811,271.413
ARRIVAL,4470.592,573,9,8.441,200.940
TIMEOUT,4470.744,547,16
ARRIVAL,4470.878,574,22,11.750,220.239
ARRIVAL,4471.352,575,14,60.910,208.263
COMPLETE,4472.246,565,0,82.064
ARRIVAL,4479.930,576,4,55.634,188.020
ARRIVAL,4480.744,577,16,99.236,293.372
ARRIVAL,4489.743,578,34,50.891,172.025
COMPLETE,4494.009,558,10,155.769
COMPLETE,4495.055,553,26,188.306
COMPLETE,4495.193,566,28,97.532
TIMEOUT,4505.651,516,48
ARRIVAL,4506.165,579,11,9.890,291.450
TIMEOUT,4511.471,560,3
TIMEOUT,4511.740,534,32
TIMEOUT,4514.944,556,24
ARRIVAL,4515.612,580,39,73.421,274.301
ARRIVAL,4515.651,581,48,17.928,157.999
ARRIVAL,4519.289,582,44,0.500,129.026
ARRIVAL,4521.471,583,3,7.562,101.766
ARRIVAL,4521.740,584,32,44.599,140.270
COMPLETE,4522.920,572,23,53.518
COMPLETE,4523.439,571,17,55.880
ARRIVAL,4524.944,585,24,27.333,112.753
ARRIVAL,4525.803,586,19,19.927,217.014
COMPLETE,4535.189,574,22,64.311
ARRIVAL,4541.068,587,13,2.920,197.082
ARRIVAL,4549.232,588,6,1.402,226.879
COMPLETE,4554.345,567,31,145.238
ARRIVAL,4567.101,589,36,8.032,123.854
COMPLETE,4572.540,582,44,53.251
ARRIVAL,4572.857,590,37,12.697,241.972
TIMEOUT,4579.163,549,35
COMPLETE,4580.212,573,9,109.620
COMPLETE,4584.335,579,11,78.170
TIMEOUT,4586.276,569,5
ARRIVAL,4586.355,591,18,19.185,235.129
TIMEOUT,4586.931,559,46
ARRIVAL,4589.163,592,35,28.739,135.100
ARRIVAL,4591.192,593,41,52.464,269.098
ARRIVAL,4591.197,594,38,10.708,136.308
COMPLETE,4592.467,586,19,66.664
ARRIVAL,4596.276,595,5,16.848,150.176
ARRIVAL,4596.931,596,46,16.289,233.479
TIMEOUT,4597.192,568,20
ARRIVAL,4599.780,597,42,17.633,257.943
COMPLETE,4600.112,587,13,59.044
COMPLETE,4601.513,588,6,52.281
COMPLETE,4604.204,581,48,88.553
TIMEOUT,4605.881,562,1
COMPLETE,4606.825,583,3,85.355
ARRIVAL,4607.192,598,20,22.913,112.399
ARRIVAL,4611.690,599,2,12.885,173.621
ARRIVAL,4615.881,600,1,42.921,183.010
ARRIVAL,4621.311,601,43,8.367,113.148
ARRIVAL,4624.389,602,8,7.048,259.872
ARRIVAL,4627.364,603,49,46.203,111.512
TIMEOUT,4628.815,552,33
ARRIVAL,4636.096,604,30,36.084,172.157
COMPLETE,4638.678,590,37,65.822
ARRIVAL,4638.815,605,33,94.151,297.809
COMPLETE,4648.080,570,47,207.230
COMPLETE,4654.968,596,46,58.037
COMPLETE,4656.111,589,36,89.011
ARRIVAL,4659.668,606,0,79.956,128.190
COMPLETE,4662.016,602,8,37.627
COMPLETE,4666.210,591,18,79.856
COMPLETE,4697.018,594,38,105.821
COMPLETE,4701.452,595,5,105.176
COMPLETE,4714.337,599,2,102.647
ARRIVAL,4718.498,607,3,26.625,279.367
ARRIVAL,4719.768,608,17,12.189,124.774
COMPLETE,4724.778,601,43,103.467
ARRIVAL,4733.796,609,31,75.382,210.138
COMPLETE,4734.751,597,42,134.972
TIMEOUT,4741.771,585,24
TIMEOUT,4744.999,561,27
TIMEOUT,4750.386,576,4
ARRIVAL,4751.771,610,24,7.141,100.519
ARRIVAL,4754.999,611,27,26.626,197.363
ARRIVAL,4760.386,612,4,51.933,136.465
ARRIVAL,4763.418,613,26,17.755,167.449
TIMEOUT,4768.013,598,20
ARRIVAL,4773.402,614,40,29.583,132.632
ARRIVAL,4778.013,615,20,73.684,188.706
TIMEOUT,4792.712,584,32
TIMEOUT,4792.862,578,34
ARRIVAL,4801.387,616,8,70.568,286.409
TIMEOUT,4801.601,592,35
ARRIVAL,4802.712,617,32,12.228,241.197
ARRIVAL,4802.862,618,34,17.351,272.123
TIMEOUT,4805.519,554,15
ARRIVAL,4811.601,619,35,2.352,109.494
ARRIVAL,4812.506,620,13,22.076,187.927
ARRIVAL,4815.519,621,15,20.282,251.270
COMPLETE,4817.708,608,17,97.940
ARRIVAL,4818.068,622,18,17.237,238.921
TIMEOUT,4818.800,604,30
TIMEOUT,4822.611,575,14
ARRIVAL,4828.800,623,30,31.429,246.427
COMPLETE,4830.566,613,26,67.148
ARRIVAL,4832.611,624,14,7.797,252.759
ARRIVAL,4837.575,625,5,2.591,208.443
TIMEOUT,4843.988,580,39
COMPLETE,4846.042,610,24,94.271
ARRIVAL,4849.812,626,28,46.997,267.251
ARRIVAL,4853.988,627,39,37.067,198.275
COMPLETE,4854.939,617,32,52.227
ARRIVAL,4855.712,628,9,61.534,150.740
ARRIVAL,4866.265,629,38,0.262,207.056
COMPLETE,4866.439,619,35,54.838
TIMEOUT,4870.371,593,41
COMPLETE,4872.289,618,34,69.428
COMPLETE,4873.065,611,27,118.066
ARRIVAL,4880.238,630,44,0.536,115.645
ARRIVAL,4880.371,631,41,88.318,172.419
ARRIVAL,4880.631,632,19,1.263,146.396
ARRIVAL,4887.061,633,11,19.468,215.774
COMPLETE,4890.302,622,18,72.234
ARRIVAL,4893.540,634,21,44.773,236.765
TIMEOUT,4895.310,600,1
ARRIVAL,4896.757,635,37,16.442,244.585
COMPLETE,4898.099,624,14,65.488
COMPLETE,4900.690,625,5,63.116
ARRIVAL,4905.310,636,1,14.103,282.073
TIMEOUT,4912.545,603,49
ARRIVAL,4918.938,637,25,5.590,199.547
COMPLETE,4919.170,607,3,200.671
COMPLETE,4922.053,632,19,41.422
ARRIVAL,4922.545,638,49,2.942,150.079
ARRIVAL,4936.954,639,6,57.907,208.890
ARRIVAL,4937.696,640,26,0.613,287.088
COMPLETE,4941.521,633,11,54.460
TIMEOUT,4949.908,577,16
COMPLETE,4955.624,636,1,50.313
COMPLETE,4959.906,630,44,79.668
ARRIVAL,4959.908,641,16,11.345,127.792
TIMEOUT,4971.006,609,31
COMPLETE,4975.992,621,15,160.473
ARRIVAL,4981.006,642,31,66.486,244.100
COMPLETE,4990.369,629,38,124.104
COMPLETE,4991.719,640,26,54.023
COMPLETE,4992.434,635,37,95.677
ARRIVAL,4992.460,643,12,9.038,196.862
ARRIVAL,4998.776,644,42,81.918,289.080
ARRIVAL,5006.344,645,22,11.654,217.278
TIMEOUT,5009.689,614,40
TIMEOUT,5012.390,606,0
TIMEOUT,5012.545,620,13
COMPLETE,5015.332,638,49,92.787
COMPLETE,5018.135,637,25,99.197
ARRIVAL,5019.689,646,40,3.390,150.893
ARRIVAL,5019.737,647,43,5.901,210.212
ARRIVAL,5022.390,648,0,16.522,227.633
ARRIVAL,5022.545,649,13,78.491,149.828
ARRIVAL,5024.919,650,35,6.696,206.532
COMPLETE,5029.564,623,30,200.764
ARRIVAL,5039.202,651,18,48.354,173.739
COMPLETE,5040.957,643,12,48.497
TIMEOUT,5041.722,612,4
ARRIVAL,5051.722,652,4,13.280,180.988
TIMEOUT,5052.498,627,39
ARRIVAL,5062.498,653,39,18.006,124.910
COMPLETE,5063.843,641,16,103.936
COMPLETE,5064.447,646,40,44.758
COMPLETE,5070.348,647,43,50.611
COMPLETE,5090.940,626,28,241.128
ARRIVAL,5103.456,654,3,78.961,228.444
COMPLETE,5104.221,652,4,52.499
COMPLETE,5106.386,648,0,83.996
ARRIVAL,5106.838,655,14,16.590,103.444
ARRIVAL,5107.651,656,44,20.301,218.726
COMPLETE,5108.355,639,6,171.401
ARRIVAL,5109.195,657,19,99.743,146.146
ARRIVAL,5109.683,658,45,21.204,265.859
COMPLETE,5113.676,645,22,107.332
COMPLETE,5120.372,650,35,95.453
ARRIVAL,5122.032,659,48,9.553,299.495
TIMEOUT,5134.523,605,33
ARRIVAL,5138.647,660,46,84.931,208.146
COMPLETE,5140.910,655,14,34.072
ARRIVAL,5143.407,661,32,18.135,297.949
COMPLETE,5144.492,653,39,81.994
ARRIVAL,5144.523,662,33,28.843,161.792
ARRIVAL,5148.368,663,38,17.307,208.867
TIMEOUT,5154.189,563,29
ARRIVAL,5154.253,664,36,13.978,202.049
TIMEOUT,5158.176,615,20
ARRIVAL,5162.789,665,15,19.638,299.171
ARRIVAL,5164.189,666,29,53.864,154.077
ARRIVAL,5168.176,667,20,24.764,178.631
TIMEOUT,5168.744,616,8
COMPLETE,5170.564,659,48,48.532
ARRIVAL,5170.579,668,1,10.026,223.066
ARRIVAL,5171.795,669,25,28.318,223.461
ARRIVAL,5177.128,670,16,24.071,252.246
ARRIVAL,5178.744,671,8,1.767,226.993
TIMEOUT,5179.061,634,21
ARRIVAL,5185.606,672,17,19.455,165.862
ARRIVAL,5189.061,673,21,8.882,132.843
TIMEOUT,5190.378,628,9
ARRIVAL,5200.378,674,9,19.290,198.992
COMPLETE,5204.641,664,36,50.388
COMPLETE,5216.468,663,38,68.100
ARRIVAL,5218.755,675,37,14.826,202.641
ARRIVAL,5224.688,676,27,2.731,231.725
COMPLETE,5228.613,661,32,85.207
TIMEOUT,5235.440,642,31
COMPLETE,5244.379,665,15,81.590
ARRIVAL,5245.440,677,31,38.681,194.167
COMPLETE,5249.917,658,45,140.234
COMPLETE,5254.405,668,1,83.826
ARRIVAL,5255.934,678,49,16.203,124.463
COMPLETE,5256.024,672,17,70.418
ARRIVAL,5259.416,679,22,49.407,185.316
ARRIVAL,5264.414,680,24,27.117,225.726
COMPLETE,5264.906,673,21,75.845
COMPLETE,5265.207,656,44,157.556
COMPLETE,5272.748,676,27,48.060
ARRIVAL,5275.848,681,4,18.142,243.397
ARRIVAL,5276.411,682,2,84.827,224.057
COMPLETE,5276.819,670,16,99.691
ARRIVAL,5281.569,683,35,59.910,173.856
TIMEOUT,5282.823,631,41
COMPLETE,5284.497,674,9,84.119
ARRIVAL,5292.823,684,41,18.333,210.916
COMPLETE,5293.022,678,49,37.089
COMPLETE,5297.508,671,8,118.764
COMPLETE,5297.649,675,37,78.895
ARRIVAL,5311.208,685,5,14.634,168.565
ARRIVAL,5319.104,686,10,15.095,193.448
TIMEOUT,5325.962,651,18
TIMEOUT,5334.805,662,33
ARRIVAL,5335.089,687,39,27.103,262.623
ARRIVAL,5335.962,688,18,15.227,112.941
COMPLETE,5342.839,681,4,66.990
ARRIVAL,5344.207,689,14,32.342,229.137
ARRIVAL,5344.805,690,33,26.721,133.728
COMPLETE,5346.167,669,25,174.372
ARRIVAL,5346.196,691,30,7.475,102.253
TIMEOUT,5359.668,667,20
COMPLETE,5361.172,684,41,68.349
TIMEOUT,5363.090,644,42
COMPLETE,5367.956,685,5,56.749
ARRIVAL,5369.668,692,20,45.984,225.616
ARRIVAL,5373.090,693,42,45.038,239.550
TIMEOUT,5378.159,649,13
COMPLETE,5381.771,677,31,136.330
ARRIVAL,5383.109,694,47,7.923,251.685
ARRIVAL,5388.159,695,13,23.371,266.804
ARRIVAL,5402.065,696,34,73.759,124.246
ARRIVAL,5402.207,697,16,9.350,263.878
ARRIVAL,5404.788,698,8,24.664,201.122
COMPLETE,5409.345,691,30,63.149
COMPLETE,5413.354,686,10,94.250
COMPLETE,5413.584,680,24,149.170
ARRIVAL,5418.001,699,43,5.262,219.028
ARRIVAL,5418.652,700,37,59.045,143.855
COMPLETE,5423.383,688,18,87.421
TIMEOUT,5427.218,666,29
ARRIVAL,5431.270,701,17,58.320,153.985
ARRIVAL,5435.438,702,11,6.436,118.375
COMPLETE,5436.166,690,33,91.362
ARRIVAL,5437.218,703,29,12.089,268.496
TIMEOUT,5446.178,654,3
ARRIVAL,5449.094,704,12,84.421,129.617
ARRIVAL,5449.181,705,49,103.244,277.292
ARRIVAL,5449.318,706,6,28.947,171.712
ARRIVAL,5456.178,707,3,38.788,194.105
ARRIVAL,5460.750,708,40,38.963,246.237
ARRIVAL,5464.842,709,26,11.783,152.830
COMPLETE,5471.507,694,47,88.398
TIMEOUT,5473.527,657,19
TIMEOUT,5480.914,679,22
ARRIVAL,5482.765,710,32,9.320,162.748
COMPLETE,5482.803,702,11,47.365
ARRIVAL,5483.527,711,19,43.686,201.269
COMPLETE,5490.265,697,16,88.058
ARRIVAL,5490.914,712,22,18.792,140.451
ARRIVAL,5493.308,713,44,41.283,285.190
TIMEOUT,5495.195,660,46
COMPLETE,5500.730,687,39,165.642
ARRIVAL,5503.947,714,36,64.936,110.308
ARRIVAL,5505.195,715,46,59.264,294.337
COMPLETE,5505.992,699,43,87.992
ARRIVAL,5506.150,716,7,37.027,115.812
COMPLETE,5518.335,689,14,174.128
ARRIVAL,5519.771,717,1,25.367,298.562
ARRIVAL,5528.301,718,28,9.339,183.743
COMPLETE,5530.423,703,29,93.206
ARRIVAL,5532.770,719,30,25.980,215.379
ARRIVAL,5539.672,720,5,14.453,167.196
ARRIVAL,5539.683,721,18,6.406,155.102
TIMEOUT,5550.333,683,35
COMPLETE,5551.343,698,8,146.555
COMPLETE,5554.885,709,26,90.044
ARRIVAL,5558.803,722,27,18.210,200.609
ARRIVAL,5560.333,723,35,58.511,126.359
COMPLETE,5560.869,692,20,191.201
ARRIVAL,5562.277,724,25,48.144,160.902
COMPLETE,5569.126,712,22,78.212
COMPLETE,5570.189,710,32,87.423
COMPLETE,5572.497,695,13,184.337
ARRIVAL,5580.490,725,41,0.514,231.706
COMPLETE,5581.836,718,28,53.535
ARRIVAL,5587.233,726,9,27.035,253.614
ARRIVAL,5591.250,727,0,21.212,229.465
COMPLETE,5619.336,706,6,170.018
COMPLETE,5622.550,725,41,42.060
ARRIVAL,5629.005,728,21,3.139,281.411
COMPLETE,5633.789,720,5,94.118
ARRIVAL,5639.548,729,43,1.064,195.109
ARRIVAL,5647.715,730,31,13.513,175.169
TIMEOUT,5654.683,707,3
ARRIVAL,5660.390,731,47,6.876,191.949
COMPLETE,5661.090,721,18,121.407
ARRIVAL,5664.683,732,3,8.529,279.339
TIMEOUT,5666.127,693,42
ARRIVAL,5668.426,733,11,1.127,282.476
ARRIVAL,5674.914,734,33,25.462,202.654
ARRIVAL,5676.127,735,42,22.821,234.983
ARRIVAL,5682.793,736,14,57.941,256.595
COMPLETE,5684.337,722,27,125.535
COMPLETE,5690.906,708,40,230.157
COMPLETE,5695.153,729,43,55.605
ARRIVAL,5701.383,737,10,55.143,291.321
ARRIVAL,5705.343,738,26,2.995,150.697
ARRIVAL,5705.846,739,45,30.971,182.140
COMPLETE,5708.665,730,31,60.951
TIMEOUT,5709.264,682,2
COMPLETE,5709.928,726,9,122.695
COMPLETE,5714.631,717,1,194.860
COMPLETE,5716.804,731,47,56.415
COMPLETE,5718.016,727,0,126.766
COMPLETE,5719.143,733,11,50.717
ARRIVAL,5719.264,740,2,16.286,138.503
COMPLETE,5720.611,719,30,187.841
COMPLETE,5721.894,713,44,228.586
TIMEOUT,5722.424,696,34
COMPLETE,5724.888,738,26,19.545
ARRIVAL,5726.741,741,4,5.416,230.475
TIMEOUT,5730.052,700,37
COMPLETE,5730.953,732,3,66.270
ARRIVAL,5732.424,742,34,38.678,174.813
ARRIVAL,5740.052,743,37,21.609,188.731
ARRIVAL,5744.719,744,5,10.188,236.167
COMPLETE,5753.290,728,21,124.285
ARRIVAL,5756.180,745,38,47.014,267.494
ARRIVAL,5756.629,746,23,0.456,138.370
COMPLETE,5761.274,740,2,42.010
COMPLETE,5766.691,741,4,39.950
TIMEOUT,5770.318,716,7
ARRIVAL,5770.814,747,13,35.707,207.539
COMPLETE,5777.661,739,45,71.816
TIMEOUT,5777.854,723,35
ARRIVAL,5778.889,748,39,7.602,109.184
ARRIVAL,5780.318,749,7,30.382,292.099
TIMEOUT,5785.998,724,25
ARRIVAL,5787.854,750,35,26.514,163.466
TIMEOUT,5788.638,701,17
ARRIVAL,5789.670,751,28,182.886,295.087
COMPLETE,5790.418,715,46,285.222
COMPLETE,5791.460,734,33,116.546
COMPLETE,5791.916,746,23,35.287
ARRIVAL,5795.551,752,24,16.477,264.168
ARRIVAL,5795.998,753,25,52.177,283.337
ARRIVAL,5798.638,754,17,13.863,117.709
TIMEOUT,5812.424,711,19
ARRIVAL,5814.413,755,31,16.347,174.837
ARRIVAL,5815.452,756,22,14.987,262.859
COMPLETE,5819.617,748,39,40.729
ARRIVAL,5822.424,757,19,11.173,292.323
ARRIVAL,5832.624,758,43,1.077,214.191
COMPLETE,5840.805,744,5,96.086
ARRIVAL,5846.289,759,6,16.601,138.198
COMPLETE,5854.439,752,24,58.887
ARRIVAL,5862.289,760,8,58.293,243.806
COMPLETE,5863.726,735,42,187.599
COMPLETE,5877.759,736,14,194.965
ARRIVAL,5886.256,761,21,6.643,274.217
COMPLETE,5888.141,749,7,107.823
COMPLETE,5888.402,754,17,89.764
COMPLETE,5889.071,755,31,74.658
COMPLETE,5894.655,750,35,106.801
ARRIVAL,5896.852,762,27,18.345,271.441
COMPLETE,5900.244,757,19,77.820
ARRIVAL,5901.513,763,4,49.849,240.451
ARRIVAL,5903.862,764,3,39.975,265.066
COMPLETE,5904.109,747,13,133.295
COMPLETE,5905.186,758,43,72.562
ARRIVAL,5913.510,765,0,16.398,149.994
COMPLETE,5915.198,762,27,18.345
COMPLETE,5918.914,756,22,103.462
TIMEOUT,5918.922,742,34
COMPLETE,5920.523,743,37,180.471
TIMEOUT,5923.766,705,49
TIMEOUT,5923.858,714,36
ARRIVAL,5928.922,766,34,9.638,206.334
ARRIVAL,5933.766,767,49,112.824,187.311
ARRIVAL,5933.858,768,36,14.176,196.116
ARRIVAL,5938.372,769,48,1.715,114.560
COMPLETE,5941.887,759,6,95.598
ARRIVAL,5943.413,770,9,0.039,202.265
COMPLETE,5944.935,766,34,16.014
ARRIVAL,5945.397,771,26,0.196,219.815
ARRIVAL,5946.471,772,16,73.087,131.412
TIMEOUT,5948.379,704,12
COMPLETE,5948.901,745,38,192.720
COMPLETE,5955.543,761,21,69.287
ARRIVAL,5958.379,773,12,7.803,167.783
COMPLETE,5959.009,737,10,257.626
ARRIVAL,5970.853,774,1,52.774,262.684
ARRIVAL,5973.993,775,32,51.057,155.988
COMPLETE,5975.407,765,0,61.897
COMPLETE,5975.446,770,9,32.033
COMPLETE,5975.839,771,26,30.443
COMPLETE,5982.655,768,36,48.797
ARRIVAL,5983.106,776,29,49.861,100.814
COMPLETE,5986.850,769,48,48.478
COMPLETE,5987.623,753,25,191.625
ARRIVAL,5989.516,777,15,6.671,162.548
COMPLETE,5994.653,773,12,36.275
ARRIVAL,5998.157,778,5,53.803,185.703
ARRIVAL,6007.090,779,43,2.891,191.963
ARRIVAL,6008.071,780,41,42.174,155.085
ARRIVAL,6012.098,781,44,17.379,285.913
ARRIVAL,6013.847,782,23,32.808,124.050
COMPLETE,6022.730,764,3,118.869
ARRIVAL,6028.915,783,19,2.080,232.958
ARRIVAL,6030.746,784,39,11.018,147.865
ARRIVAL,6031.774,785,45,12.357,280.883
ARRIVAL,6038.353,786,40,10.537,263.738
COMPLETE,6039.030,779,43,31.940
ARRIVAL,6042.467,787,14,4.567,255.530
COMPLETE,6044.703,763,4,143.189
COMPLETE,6051.373,777,15,61.857
ARRIVAL,6056.328,788,13,8.836,188.358
ARRIVAL,6060.407,789,38,52.107,291.534
ARRIVAL,6066.275,790,47,112.215,240.611
COMPLETE,6068.753,781,44,56.654
ARRIVAL,6072.969,791,7,28.878,151.549
COMPLETE,6079.041,784,39,48.295
COMPLETE,6081.223,760,8,218.934
ARRIVAL,6082.287,792,35,22.898,162.783
ARRIVAL,6082.845,793,46,7.117,197.391
COMPLETE,6083.303,783,19,54.388
COMPLETE,6090.287,775,32,116.294
COMPLETE,6091.399,785,45,59.624
ARRIVAL,6092.168,794,26,59.832,229.279
COMPLETE,6093.841,786,40,55.488
COMPLETE,6094.854,787,14,52.387
COMPLETE,6104.206,782,23,90.360
TIMEOUT,6117.293,772,16
COMPLETE,6117.788,788,13,61.460
ARRIVAL,6117.819,795,11,16.605,180.310
ARRIVAL,6121.919,796,30,50.671,213.852
ARRIVAL,6124.938,797,33,27.181,207.291
ARRIVAL,6127.293,798,16,10.308,255.352
ARRIVAL,6128.105,799,34,27.002,247.236
ARRIVAL,6137.263,800,22,7.002,126.937
COMPLETE,6144.510,793,46,61.664
COMPLETE,6150.662,774,1,179.809
ARRIVAL,6156.856,801,6,59.601,243.500
TIMEOUT,6164.002,776,29
ARRIVAL,6174.002,802,29,55.124,289.394
COMPLETE,6174.917,798,16,47.624
TIMEOUT,6177.428,780,41
COMPLETE,6177.815,792,35,95.529
ARRIVAL,6179.203,803,27,9.430,214.852
ARRIVAL,6186.576,804,12,28.058,105.929
ARRIVAL,6187.125,805,3,23.118,190.920
ARRIVAL,6187.428,806,41,5.840,210.395
ARRIVAL,6192.483,807,10,10.832,250.083
COMPLETE,6194.032,795,11,76.213
ARRIVAL,6209.753,808,9,92.970,196.091
COMPLETE,6211.204,800,22,73.941
COMPLETE,6218.143,797,33,93.206
ARRIVAL,6219.959,809,24,14.502,234.457
COMPLETE,6223.010,791,7,150.041
ARRIVAL,6224.368,810,23,18.914,158.880
TIMEOUT,6225.007,778,5
ARRIVAL,6226.387,811,25,10.321,137.045
ARRIVAL,6235.007,812,5,1.489,128.467
COMPLETE,6237.848,794,26,145.679
COMPLETE,6240.966,805,3,53.841
COMPLETE,6247.674,803,27,68.471
COMPLETE,6250.947,806,41,63.520
ARRIVAL,6252.928,813,15,54.741,278.581
COMPLETE,6255.468,809,24,35.509
COMPLETE,6256.956,812,5,21.949
ARRIVAL,6257.534,814,14,16.109,247.473
COMPLETE,6261.780,807,10,69.297
COMPLETE,6273.887,789,38,213.480
COMPLETE,6274.776,799,34,146.671
ARRIVAL,6275.917,815,18,97.706,107.268
ARRIVAL,6285.938,816,31,23.376,141.219
TIMEOUT,6287.600,767,49
COMPLETE,6292.801,810,23,68.433
ARRIVAL,6295.180,817,45,82.514,297.337
ARRIVAL,6297.600,818,49,28.140,263.317
COMPLETE,6303.472,796,30,181.553
COMPLETE,6313.731,811,25,87.344
COMPLETE,6323.809,814,14,66.275
ARRIVAL,6329.921,819,13,86.169,256.119
TIMEOUT,6331.867,804,12
ARRIVAL,6341.867,820,12,23.724,205.255
ARRIVAL,6353.641,821,27,31.595,264.535
ARRIVAL,6353.973,822,22,15.235,140.183
ARRIVAL,6362.749,823,44,5.397,259.007
ARRIVAL,6362.764,824,48,20.356,260.614
COMPLETE,6367.091,802,29,193.089
COMPLETE,6370.467,816,31,84.529
COMPLETE,6372.197,813,15,119.269
COMPLETE,6375.864,823,44,13.116
ARRIVAL,6376.408,825,43,8.351,218.180
ARRIVAL,6378.274,826,21,24.155,157.261
ARRIVAL,6378.587,827,33,33.224,180.732
COMPLETE,6379.007,822,22,25.034
ARRIVAL,6385.946,828,2,21.395,198.367
ARRIVAL,6393.297,829,8,2.019,191.309
ARRIVAL,6394.557,830,7,99.983,178.456
ARRIVAL,6397.295,831,42,55.561,278.358
ARRIVAL,6398.658,832,41,48.557,154.844
ARRIVAL,6400.634,833,16,10.596,289.815
COMPLETE,6407.441,828,2,21.495
COMPLETE,6407.457,825,43,31.049
COMPLETE,6409.477,829,8,16.180
ARRIVAL,6415.091,834,40,25.449,133.477
COMPLETE,6420.537,818,49,122.937
ARRIVAL,6429.835,835,26,141.087,237.576
COMPLETE,6432.091,817,45,136.911
TIMEOUT,6433.832,801,6
ARRIVAL,6439.893,836,46,13.023,193.727
COMPLETE,6442.687,833,16,42.054
ARRIVAL,6443.832,837,6,44.522,103.485
ARRIVAL,6447.628,838,36,2.958,102.230
ARRIVAL,6452.438,839,17,6.645,230.067
COMPLETE,6460.740,834,40,45.649
ARRIVAL,6464.005,840,5,18.429,247.792
COMPLETE,6467.385,839,17,14.947
ARRIVAL,6468.295,841,20,101.451,201.211
COMPLETE,6475.810,836,46,35.918
ARRIVAL,6477.605,842,34,16.024,108.803
ARRIVAL,6486.066,843,39,74.173,260.595
COMPLETE,6504.468,832,41,105.809
COMPLETE,6505.914,840,5,41.909
ARRIVAL,6513.857,844,19,2.726,149.342
COMPLETE,6524.761,820,12,182.894
COMPLETE,6528.916,826,21,150.642
COMPLETE,6529.089,837,6,85.257
COMPLETE,6542.039,842,34,64.433
COMPLETE,6542.140,827,33,163.553
TIMEOUT,6557.390,838,36
TIMEOUT,6559.847,815,18
COMPLETE,6564.864,844,19,51.008
ARRIVAL,6567.390,845,36,19.037,187.773
COMPLETE,6568.985,821,27,215.344
ARRIVAL,6569.847,846,18,34.267,245.362
TIMEOUT,6571.871,751,28
COMPLETE,6572.227,824,48,209.463
ARRIVAL,6575.037,847,1,3.079,216.820
ARRIVAL,6575.625,848,40,179.881,263.507
ARRIVAL,6581.871,849,28,4.651,208.738
COMPLETE,6586.427,845,36,19.037
COMPLETE,6589.505,847,1,14.468
ARRIVAL,6602.226,850,24,2.036,171.745
ARRIVAL,6602.723,851,44,47.065,295.462
TIMEOUT,6604.542,790,47
COMPLETE,6611.642,850,24,9.416
ARRIVAL,6614.542,852,47,1.956,172.144
ARRIVAL,6614.920,853,10,33.066,181.650
ARRIVAL,6620.880,854,31,57.204,199.223
COMPLETE,6633.698,852,47,19.156
TIMEOUT,6637.612,808,9
COMPLETE,6644.897,849,28,63.026
ARRIVAL,6647.612,855,9,13.497,126.683
ARRIVAL,6649.835,856,49,1.468,256.391
ARRIVAL,6652.607,857,41,3.074,277.225
ARRIVAL,6655.146,858,17,35.407,117.759
ARRIVAL,6656.070,859,29,57.529,238.463
COMPLETE,6667.295,855,9,19.683
COMPLETE,6668.763,856,49,18.928
ARRIVAL,6675.448,860,2,7.384,136.947
ARRIVAL,6677.071,861,25,46.949,106.654
TIMEOUT,6680.558,831,42
ARRIVAL,6682.576,862,38,74.430,294.662
ARRIVAL,6682.707,863,11,0.116,174.006
ARRIVAL,6685.373,864,33,0.546,256.362
ARRIVAL,6690.558,865,42,39.537,106.454
ARRIVAL,6695.565,866,43,80.292,283.242
COMPLETE,6696.247,860,2,20.799
ARRIVAL,6700.044,867,32,2.974,244.745
TIMEOUT,6704.080,819,13
COMPLETE,6704.197,863,11,21.490
ARRIVAL,6707.245,868,16,2.874,156.172
ARRIVAL,6714.080,869,13,4.049,134.058
ARRIVAL,6715.428,870,4,0.051,294.820
COMPLETE,6719.831,846,18,149.984
COMPLETE,6720.396,869,13,6.316
COMPLETE,6720.448,870,4,5.020
COMPLETE,6731.362,851,44,128.638
COMPLETE,6734.336,867,32,34.292
COMPLETE,6737.210,868,16,29.965
ARRIVAL,6742.945,871,46,75.402,268.695
COMPLETE,6743.005,857,41,90.397
ARRIVAL,6772.141,872,1,34.644,220.506
COMPLETE,6781.604,864,33,96.231
ARRIVAL,6782.974,873,49,9.851,142.871
ARRIVAL,6787.777,874,45,4.535,173.958
TIMEOUT,6795.777,843,39
COMPLETE,6796.271,853,10,181.351
ARRIVAL,6797.943,875,27,10.154,178.110
ARRIVAL,6798.543,876,9,7.387,128.551
ARRIVAL,6800.053,877,36,42.838,230.081
ARRIVAL,6804.026,878,47,26.503,148.046
ARRIVAL,6804.473,879,15,91.672,193.407
ARRIVAL,6805.229,880,23,3.675,175.552
ARRIVAL,6805.777,881,39,32.527,268.212
TIMEOUT,6811.184,858,17
ARRIVAL,6819.131,882,11,95.401,243.590
COMPLETE,6820.728,848,40,245.103
ARRIVAL,6821.184,883,17,1.710,221.794
COMPLETE,6822.145,874,45,34.368
COMPLETE,6830.579,873,49,47.606
COMPLETE,6837.966,876,9,39.423
COMPLETE,6845.920,880,23,40.692
TIMEOUT,6851.268,830,7
ARRIVAL,6853.486,884,37,21.751,153.075
ARRIVAL,6861.268,885,7,33.758,133.156
ARRIVAL,6861.621,886,19,4.586,179.670
ARRIVAL,6867.329,887,21,38.628,150.776
ARRIVAL,6870.432,888,44,23.390,204.814
COMPLETE,6872.710,872,1,100.569
COMPLETE,6881.521,875,27,83.579
COMPLETE,6886.413,866,43,190.848
ARRIVAL,6891.874,889,48,33.125,201.888
COMPLETE,6894.520,883,17,73.335
ARRIVAL,6902.149,890,0,40.268,242.934
ARRIVAL,6909.610,891,12,8.287,163.854
COMPLETE,6911.099,886,19,49.477
TIMEOUT,6916.308,865,42
TIMEOUT,6919.150,859,29
COMPLETE,6923.626,881,39,117.849
ARRIVAL,6925.448,892,6,55.000,143.244
ARRIVAL,6926.308,893,42,10.796,296.778
ARRIVAL,6929.150,894,29,14.530,291.858
ARRIVAL,6935.557,895,35,30.366,268.749
ARRIVAL,6947.059,896,16,41.561,282.971
TIMEOUT,6953.612,854,31
ARRIVAL,6954.790,897,18,49.923,271.877
TIMEOUT,6955.063,841,20
COMPLETE,6956.570,884,37,103.085
ARRIVAL,6957.891,898,28,15.721,254.685
COMPLETE,6959.128,871,46,216.182
ARRIVAL,6963.612,899,31,8.288,208.508
ARRIVAL,6964.743,900,45,12.336,175.672
ARRIVAL,6965.063,901,20,26.269,259.029
TIMEOUT,6965.853,878,47
COMPLETE,6967.366,893,42,41.058
COMPLETE,6970.205,877,36,170.152
COMPLETE,6972.886,885,7,111.618
ARRIVAL,6974.697,902,9,14.866,144.752
ARRIVAL,6975.853,903,47,11.116,239.290
TIMEOUT,6976.250,835,26
ARRIVAL,6980.051,904,40,21.938,115.645
TIMEOUT,6983.199,861,25
ARRIVAL,6986.250,905,26,39.267,299.429
COMPLETE,6987.416,894,29,58.265
COMPLETE,6991.486,891,12,81.876
ARRIVAL,6993.199,906,25,105.017,234.282
ARRIVAL,6996.431,907,33,2.118,117.416
ARRIVAL,7000.579,908,13,24.433,174.712
COMPLETE,7006.044,887,21,138.715
ARRIVAL,7012.283,909,4,22.167,264.448
COMPLETE,7014.976,888,44,144.544
TIMEOUT,7020.483,862,38
ARRIVAL,7030.483,910,38,10.293,141.484
ARRIVAL,7032.239,911,23,27.976,254.598
COMPLETE,7036.204,898,28,78.313
COMPLETE,7037.194,907,33,40.763
COMPLETE,7038.793,899,31,75.181
ARRIVAL,7040.738,912,5,1.497,246.938
ARRIVAL,7045.137,913,43,20.584,294.897
COMPLETE,7049.329,889,48,157.455
ARRIVAL,7052.120,914,14,21.645,142.828
COMPLETE,7053.659,902,9,78.962
COMPLETE,7057.360,903,47,81.507
ARRIVAL,7058.699,915,2,25.851,209.827
COMPLETE,7061.666,900,45,96.922
COMPLETE,7064.025,895,35,128.468
ARRIVAL,7076.360,916,27,13.929,247.318
COMPLETE,7079.332,904,40,99.281
ARRIVAL,7081.531,917,24,38.053,111.777
COMPLETE,7083.766,908,13,83.187
ARRIVAL,7091.556,918,30,30.102,109.683
COMPLETE,7107.853,910,38,77.370
COMPLETE,7114.122,901,20,149.059
COMPLETE,7117.794,916,27,41.435
ARRIVAL,7124.487,919,7,10.080,210.061
COMPLETE,7125.822,912,5,85.084
COMPLETE,7142.334,890,0,240.185
ARRIVAL,7143.642,920,44,5.998,298.185
COMPLETE,7147.483,896,16,200.425
COMPLETE,7149.651,909,4,137.368
ARRIVAL,7154.858,921,28,31.063,181.387
ARRIVAL,7156.437,922,46,5.917,281.920
TIMEOUT,7161.323,879,15
COMPLETE,7161.601,905,26,175.350
COMPLETE,7161.907,913,43,116.770
COMPLETE,7163.846,915,2,105.147
ARRIVAL,7164.690,923,31,24.703,184.647
ARRIVAL,7171.323,924,15,151.129,192.406
TIMEOUT,7176.600,892,6
ARRIVAL,7178.411,925,42,30.236,244.540
TIMEOUT,7179.247,882,11
ARRIVAL,7180.687,926,3,22.171,219.576
COMPLETE,7184.344,897,18,229.554
COMPLETE,7184.577,911,23,152.337
COMPLETE,7185.245,920,44,41.603
ARRIVAL,7186.600,927,6,28.186,101.192
ARRIVAL,7189.247,928,11,32.381,239.742
ARRIVAL,7190.148,929,17,113.708,177.626
ARRIVAL,7192.744,930,1,22.944,143.080
COMPLETE,7194.425,919,7,69.938
COMPLETE,7195.347,918,30,103.792
TIMEOUT,7196.070,914,14
ARRIVAL,7206.070,931,14,27.049,233.161
COMPLETE,7210.594,922,46,54.157
ARRIVAL,7233.537,932,32,13.945,279.848
TIMEOUT,7234.223,917,24
ARRIVAL,7237.699,933,13,25.341,106.399
ARRIVAL,7241.421,934,41,6.763,193.794
ARRIVAL,7242.163,935,33,2.282,193.983
ARRIVAL,7244.223,936,24,7.104,264.537
COMPLETE,7253.894,926,3,73.207
ARRIVAL,7259.816,937,4,82.551,205.977
COMPLETE,7260.350,923,31,95.660
ARRIVAL,7260.785,938,16,27.600,196.369
COMPLETE,7261.857,921,28,106.999
COMPLETE,7263.295,930,1,70.551
ARRIVAL,7266.520,939,10,37.454,177.103
COMPLETE,7270.057,934,41,28.637
COMPLETE,7272.093,925,42,93.682
ARRIVAL,7275.215,940,27,29.903,200.336
COMPLETE,7276.275,935,33,34.113
COMPLETE,7277.107,931,14,71.037
COMPLETE,7279.197,936,24,34.974
ARRIVAL,7284.561,941,21,100.858,224.122
ARRIVAL,7287.812,942,9,3.564,223.613
COMPLETE,7288.369,932,32,54.832
COMPLETE,7291.376,942,9,3.564
COMPLETE,7291.578,928,11,102.331
ARRIVAL,7295.324,943,36,28.128,285.317
ARRIVAL,7298.013,944,29,85.034,280.468
ARRIVAL,7309.852,945,5,8.647,251.615
ARRIVAL,7315.504,946,19,13.021,131.712
TIMEOUT,7316.655,927,6
ARRIVAL,7326.103,947,44,147.653,253.714
ARRIVAL,7326.147,948,30,34.525,137.069
ARRIVAL,7326.655,949,6,63.676,200.377
COMPLETE,7341.681,940,27,66.466
COMPLETE,7342.096,933,13,104.397
ARRIVAL,7344.004,950,18,0.577,119.715
ARRIVAL,7345.416,951,26,8.121,273.104
COMPLETE,7350.743,945,5,40.891
COMPLETE,7354.702,946,19,39.198
COMPLETE,7362.831,943,36,67.507
COMPLETE,7370.951,951,26,25.535
TIMEOUT,7375.860,906,25
COMPLETE,7376.437,950,18,32.433
ARRIVAL,7377.396,952,22,40.665,154.058
ARRIVAL,7377.548,953,40,19.324,150.398
ARRIVAL,7384.899,954,35,83.779,238.650
ARRIVAL,7385.860,955,25,6.612,204.590
ARRIVAL,7386.847,956,39,14.393,252.502
COMPLETE,7390.962,948,30,64.815
COMPLETE,7392.472,955,25,6.612
ARRIVAL,7397.947,957,45,0.817,249.859
ARRIVAL,7401.348,958,23,108.241,231.188
ARRIVAL,7406.680,959,37,25.117,273.941
ARRIVAL,7406.720,960,38,2.391,154.303
ARRIVAL,7415.167,961,47,1.174,145.099
ARRIVAL,7420.043,962,7,54.582,191.173
ARRIVAL,7421.485,963,49,23.130,187.836
COMPLETE,7422.622,961,47,7.455
ARRIVAL,7425.287,964,31,23.455,217.270
ARRIVAL,7437.371,965,34,36.258,119.464
ARRIVAL,7439.995,966,8,11.066,269.867
COMPLETE,7444.676,938,16,183.891
ARRIVAL,7445.858,967,1,0.549,175.786
ARRIVAL,7451.375,968,0,41.628,111.253
COMPLETE,7451.927,952,22,74.531
TIMEOUT,7462.129,939,10
ARRIVAL,7472.129,969,10,46.617,174.348
COMPLETE,7472.576,967,1,26.718
COMPLETE,7473.207,956,39,86.359
COMPLETE,7473.888,966,8,33.893
COMPLETE,7474.024,957,45,76.077
ARRIVAL,7480.603,970,18,46.511,172.799
ARRIVAL,7488.814,971,9,13.039,185.084
COMPLETE,7496.515,960,38,89.795
COMPLETE,7497.443,964,31,72.156
COMPLETE,7501.554,953,40,124.006
ARRIVAL,7511.761,972,27,16.156,116.326
ARRIVAL,7520.851,973,43,4.046,194.720
ARRIVAL,7526.137,974,13,21.861,166.946
COMPLETE,7529.034,965,34,91.663
COMPLETE,7543.615,962,7,123.573
ARRIVAL,7546.141,975,12,82.231,222.247
COMPLETE,7550.682,971,9,61.868
COMPLETE,7559.772,972,27,48.010
ARRIVAL,7576.087,976,5,22.145,144.425
TIMEOUT,7581.949,944,29
ARRIVAL,7582.271,977,32,1.727,247.178
COMPLETE,7583.917,973,43,63.067
ARRIVAL,7586.043,978,24,123.590,179.722
ARRIVAL,7591.949,979,29,101.235,183.461
ARRIVAL,7592.135,980,11,9.322,184.652
COMPLETE,7605.179,963,49,183.693
TIMEOUT,7605.646,968,0
TIMEOUT,7608.855,949,6
ARRIVAL,7615.646,981,0,4.571,150.975
ARRIVAL,7618.855,982,6,29.955,172.898
ARRIVAL,7624.844,983,22,20.790,253.424
COMPLETE,7627.270,959,37,220.590
ARRIVAL,7631.946,984,42,2.371,140.176
ARRIVAL,7632.433,985,31,13.262,298.535
COMPLETE,7635.067,980,11,42.933
COMPLETE,7636.928,974,13,110.792
COMPLETE,7653.626,981,0,37.980
ARRIVAL,7662.199,986,7,48.518,216.407
ARRIVAL,7662.552,987,45,3.122,174.216
ARRIVAL,7667.014,988,39,112.561,277.835
ARRIVAL,7668.920,989,47,23.411,227.965
COMPLETE,7669.198,977,32,86.926
TIMEOUT,7677.899,969,10
ARRIVAL,7679.000,990,16,30.140,166.717
COMPLETE,7680.250,987,45,17.698
ARRIVAL,7682.614,991,20,15.588,257.252
TIMEOUT,7684.411,970,18
ARRIVAL,7687.697,992,2,1.511,263.067
ARRIVAL,7687.899,993,10,16.843,149.073
ARRIVAL,7694.411,994,18,55.324,296.585
COMPLETE,7696.197,984,42,64.250
TIMEOUT,7703.005,929,17
ARRIVAL,7704.654,995,9,4.621,143.038
ARRIVAL,7713.005,996,17,49.260,137.038
COMPLETE,7717.087,983,22,92.243
ARRIVAL,7717.568,997,43,66.467,166.609
ARRIVAL,7722.909,998,48,12.717,137.475
COMPLETE,7732.674,991,20,50.061
COMPLETE,7737.872,985,31,105.440
COMPLETE,7742.061,992,2,54.364
TIMEOUT,7746.113,958,23
COMPLETE,7749.517,993,10,61.618
TIMEOUT,7753.296,954,35
ARRIVAL,7756.113,999,23,10.563,270.148
ARRIVAL,7756.162,1000,40,20.405,109.834
COMPLETE,7757.917,995,9,53.263
ARRIVAL,7763.296,1001,35,30.330,119.696
TIMEOUT,7765.857,937,4
TIMEOUT,7768.358,976,5
ARRIVAL,7771.996,1002,28,47.057,230.165
ARRIVAL,7773.729,1003,8,69.301,273.304
ARRIVAL,7775.857,1004,4,9.338,240.637
COMPLETE,7778.313,982,6,159.458
ARRIVAL,7778.358,1005,5,24.216,247.882
ARRIVAL,7779.232,1006,25,4.872,122.797
ARRIVAL,7785.821,1007,13,32.190,277.238
COMPLETE,7788.580,999,23,32.467
COMPLETE,7797.917,1004,4,22.060
ARRIVAL,7799.907,1008,41,60.663,291.559
ARRIVAL,7801.302,1009,30,23.672,269.905
TIMEOUT,7805.570,947,44
COMPLETE,7810.441,1006,25,31.209
ARRIVAL,7812.261,1010,26,8.282,101.159
ARRIVAL,7815.570,1011,44,3.739,251.325
COMPLETE,7821.923,989,47,153.003
ARRIVAL,7833.558,1012,46,47.774,155.438
COMPLETE,7834.280,1011,44,18.711
COMPLETE,7835.178,998,48,112.269
TIMEOUT,7837.286,924,15
ARRIVAL,7845.293,1013,49,4.913,208.991
COMPLETE,7845.318,990,16,166.318
ARRIVAL,7845.724,1014,3,62.640,278.268
COMPLETE,7846.471,1007,13,60.650
ARRIVAL,7847.286,1015,15,53.356,210.609
COMPLETE,7871.484,1013,49,26.191
ARRIVAL,7874.718,1016,1,91.710,221.104
ARRIVAL,7888.636,1017,19,53.048,115.467
COMPLETE,7890.506,1010,26,78.245
TIMEOUT,7900.835,1001,35
ARRIVAL,7902.234,1018,38,0.062,286.341
ARRIVAL,7910.835,1019,35,10.453,230.669
COMPLETE,7919.458,1012,46,85.900
COMPLETE,7919.520,1018,38,17.286
ARRIVAL,7923.185,1020,47,46.623,174.113
COMPLETE,7929.972,1019,35,19.137
TIMEOUT,7938.644,941,21
TIMEOUT,7943.266,975,12
ARRIVAL,7948.644,1021,21,8.892,292.891
ARRIVAL,7953.266,1022,12,18.291,151.688
ARRIVAL,7953.474,1023,42,42.292,275.979
TIMEOUT,7959.150,1000,40
ARRIVAL,7960.637,1024,37,44.194,240.719
ARRIVAL,7963.797,1025,31,27.948,225.412
ARRIVAL,7967.122,1026,6,22.332,285.964
TIMEOUT,7967.668,986,7
ARRIVAL,7969.150,1027,40,108.475,230.005
COMPLETE,7971.885,1005,5,193.527
ARRIVAL,7972.035,1028,25,29.093,230.686
ARRIVAL,7977.668,1029,7,6.168,173.944
COMPLETE,7981.243,994,18,286.832
COMPLETE,7983.220,1017,19,94.584
TIMEOUT,8001.245,996,17
COMPLETE,8001.511,1022,12,48.245
ARRIVAL,8003.017,1030,14,29.697,133.654
ARRIVAL,8011.245,1031,17,10.517,198.659
COMPLETE,8025.115,1009,30,223.813
COMPLETE,8032.558,1021,21,83.914
ARRIVAL,8045.093,1032,11,3.326,269.128
ARRIVAL,8047.419,1033,33,26.340,235.035
ARRIVAL,8048.427,1034,38,21.915,188.329
ARRIVAL,8058.483,1035,48,18.792,164.679
ARRIVAL,8075.408,1036,45,33.396,135.343
COMPLETE,8078.926,1029,7,101.257
TIMEOUT,8089.005,978,24
ARRIVAL,8089.077,1037,13,27.864,278.847
COMPLETE,8092.429,1031,17,81.184
COMPLETE,8094.761,1026,6,127.639
TIMEOUT,8096.062,1002,28
ARRIVAL,8099.005,1038,24,19.568,281.790
ARRIVAL,8106.062,1039,28,3.738,152.554
TIMEOUT,8108.326,1003,8
ARRIVAL,8113.836,1040,32,5.156,255.279
COMPLETE,8118.187,1032,11,73.095
ARRIVAL,8118.326,1041,8,4.526,247.376
TIMEOUT,8121.682,1015,15
TIMEOUT,8122.630,997,43
ARRIVAL,8124.026,1042,27,54.917,130.167
TIMEOUT,8124.810,1020,47
ARRIVAL,8125.833,1043,46,9.771,206.721
ARRIVAL,8131.682,1044,15,12.963,107.109
ARRIVAL,8132.630,1045,43,39.158,292.386
COMPLETE,8134.507,1030,14,131.490
ARRIVAL,8134.810,1046,47,5.357,248.286
ARRIVAL,8136.152,1047,5,20.376,291.358
ARRIVAL,8137.518,1048,12,49.689,232.687
COMPLETE,8138.245,1039,28,32.183
ARRIVAL,8138.604,1049,20,48.082,191.448
COMPLETE,8140.637,1035,48,82.154
TIMEOUT,8141.872,979,29
COMPLETE,8150.678,1025,31,186.880
ARRIVAL,8151.872,1050,29,35.258,200.263
ARRIVAL,8153.127,1051,18,9.073,241.009
COMPLETE,8162.871,1041,8,44.545
ARRIVAL,8163.834,1052,2,16.292,247.069
ARRIVAL,8164.297,1053,23,11.723,241.598
TIMEOUT,8164.612,1014,3
COMPLETE,8168.228,1046,47,33.418
COMPLETE,8170.246,1038,24,71.240
COMPLETE,8170.975,1028,25,198.940
TIMEOUT,8171.638,1008,41
ARRIVAL,8174.612,1054,3,20.597,284.870
ARRIVAL,8176.377,1055,49,48.468,279.214
COMPLETE,8181.409,1043,46,55.576
ARRIVAL,8181.638,1056,41,79.826,180.247
TIMEOUT,8182.807,988,39
COMPLETE,8188.906,1024,37,228.270
ARRIVAL,8192.807,1057,39,5.716,262.340
COMPLETE,8194.063,1040,32,80.227
COMPLETE,8194.372,1044,15,62.690
ARRIVAL,8196.467,1058,6,5.906,181.970
COMPLETE,8200.402,1033,33,152.983
ARRIVAL,8213.266,1059,26,30.505,188.250
TIMEOUT,8213.799,1036,45
COMPLETE,8216.387,1034,38,167.960
ARRIVAL,8223.799,1060,45,14.327,214.056
COMPLETE,8225.459,1051,18,72.332
COMPLETE,8240.251,1053,23,75.954
COMPLETE,8241.763,1037,13,152.686
TIMEOUT,8245.399,1023,42
ARRIVAL,8245.674,1061,19,17.738,201.524
COMPLETE,8247.480,1057,39,54.672
ARRIVAL,8255.399,1062,42,5.362,107.338
ARRIVAL,8258.652,1063,35,3.120,205.982
ARRIVAL,8260.544,1064,7,34.240,115.601
COMPLETE,8261.691,1052,2,97.857
COMPLETE,8261.807,1060,45,38.008
COMPLETE,8267.597,1058,6,71.130
TIMEOUT,8277.370,1016,1
ARRIVAL,8279.927,1065,22,0.554,285.900
COMPLETE,8280.490,1063,35,21.838
COMPLETE,8280.827,1047,5,144.675
ARRIVAL,8287.370,1066,1,5.343,277.048
ARRIVAL,8293.336,1067,48,8.292,167.998
COMPLETE,8296.085,1050,29,144.213
COMPLETE,8306.855,1045,43,174.226
COMPLETE,8308.672,1049,20,170.068
COMPLETE,8309.226,1065,22,29.299
ARRIVAL,8310.294,1068,30,1.271,194.337
COMPLETE,8310.299,1067,48,16.963
ARRIVAL,8311.658,1069,9,28.592,198.922
COMPLETE,8323.466,1064,7,62.922
COMPLETE,8330.125,1056,41,148.488
COMPLETE,8331.397,1068,30,21.103
COMPLETE,8332.317,1062,42,76.919
ARRIVAL,8333.588,1070,10,25.611,104.285
ARRIVAL,8334.844,1071,47,59.822,137.573
COMPLETE,8337.661,1066,1,50.291
ARRIVAL,8338.018,1072,28,23.093,257.306
TIMEOUT,8352.577,1042,27
COMPLETE,8354.023,1061,19,108.349
COMPLETE,8354.620,1054,3,180.008
ARRIVAL,8360.306,1073,21,46.179,294.395
ARRIVAL,8360.609,1074,34,1.127,260.618
COMPLETE,8362.266,1048,12,224.748
ARRIVAL,8362.577,1075,27,64.553,205.702
ARRIVAL,8362.753,1076,14,34.249,154.726
ARRIVAL,8362.981,1077,0,17.707,277.522
COMPLETE,8372.258,1069,9,60.600
ARRIVAL,8372.328,1078,24,36.489,173.953
COMPLETE,8379.399,1070,10,45.811
ARRIVAL,8380.322,1079,6,13.180,243.075
COMPLETE,8385.226,1059,26,171.960
ARRIVAL,8386.919,1080,35,84.535,152.771
ARRIVAL,8389.022,1081,11,86.480,208.838
TIMEOUT,8393.701,1027,40
COMPLETE,8394.827,1074,34,34.218
COMPLETE,8395.450,1072,28,57.432
ARRIVAL,8399.356,1082,29,16.075,239.925
COMPLETE,8403.295,1055,49,226.918
ARRIVAL,8403.701,1083,40,8.647,132.206
ARRIVAL,8409.034,1084,8,11.099,187.059
ARRIVAL,8409.065,1085,4,15.235,186.380
COMPLETE,8412.348,1083,40,8.647
COMPLETE,8417.203,1076,14,54.449
COMPLETE,8417.206,1077,0,54.225
ARRIVAL,8417.624,1086,33,43.479,261.192
ARRIVAL,8419.164,1087,2,124.953,212.956
ARRIVAL,8419.232,1088,20,17.620,236.430
ARRIVAL,8419.621,1089,5,42.452,285.555
COMPLETE,8423.446,1084,8,14.412
ARRIVAL,8450.366,1090,38,44.739,245.727
COMPLETE,8450.486,1079,6,70.164
COMPLETE,8451.726,1082,29,52.370
COMPLETE,8453.792,1078,24,81.465
COMPLETE,8469.027,1085,4,59.962
ARRIVAL,8479.431,1091,19,33.105,140.643
ARRIVAL,8484.149,1092,31,35.656,146.295
COMPLETE,8488.206,1088,20,68.974
ARRIVAL,8502.094,1093,36,15.412,282.759
TIMEOUT,8508.028,1071,47
ARRIVAL,8510.237,1094,45,33.523,253.547
ARRIVAL,8510.543,1095,41,2.854,170.333
ARRIVAL,8511.211,1096,15,17.745,127.603
COMPLETE,8513.396,1095,41,2.854
ARRIVAL,8515.042,1097,42,78.922,226.976
ARRIVAL,8518.028,1098,47,36.942,114.894
ARRIVAL,8522.039,1099,30,39.504,240.426
ARRIVAL,8525.409,1100,10,21.482,272.916
COMPLETE,8531.141,1096,15,19.930
ARRIVAL,8533.568,1101,18,8.368,157.396
COMPLETE,8538.305,1073,21,177.999
COMPLETE,8544.739,1093,36,42.645
ARRIVAL,8548.591,1102,17,11.063,245.806
ARRIVAL,8558.596,1103,34,19.728,277.726
ARRIVAL,8559.459,1104,8,29.973,297.783
COMPLETE,8559.609,1101,18,26.041
COMPLETE,8560.395,1092,31,76.246
COMPLETE,8570.672,1102,17,22.081
COMPLETE,8572.154,1100,10,46.745
ARRIVAL,8584.256,1105,46,35.857,204.558
ARRIVAL,8590.668,1106,23,63.153,237.141
ARRIVAL,8594.546,1107,28,2.463,128.617
ARRIVAL,8611.147,1108,0,33.636,105.961
TIMEOUT,8613.081,1075,27
ARRIVAL,8615.781,1109,41,2.567,174.190
ARRIVAL,8621.058,1110,1,65.942,176.091
COMPLETE,8622.326,1104,8,62.868
ARRIVAL,8623.081,1111,27,32.820,278.251
TIMEOUT,8626.186,1091,19
ARRIVAL,8632.084,1112,40,7.769,107.691
COMPLETE,8634.218,1094,45,123.981
ARRIVAL,8634.374,1113,25,22.931,186.687
ARRIVAL,8636.186,1114,19,37.198,200.593
ARRIVAL,8638.879,1115,26,9.301,115.988
ARRIVAL,8644.493,1116,21,60.399,129.584
COMPLETE,8645.691,1099,30,123.652
COMPLETE,8648.153,1107,28,53.607
COMPLETE,8652.892,1090,38,202.526
COMPLETE,8655.458,1109,41,39.677
COMPLETE,8658.283,1105,46,74.026
ARRIVAL,8659.721,1117,39,2.752,269.762
COMPLETE,8667.583,1115,26,28.704
ARRIVAL,8668.599,1118,29,3.940,108.238
ARRIVAL,8678.366,1119,49,6.415,134.229
COMPLETE,8678.632,1103,34,120.036
TIMEOUT,8678.953,1080,35
COMPLETE,8681.220,1108,0,70.073
TIMEOUT,8682.112,1086,33
ARRIVAL,8688.953,1120,35,4.309,219.580
ARRIVAL,8690.975,1121,48,12.525,211.840
ARRIVAL,8691.985,1122,9,46.289,147.189
ARRIVAL,8692.112,1123,33,20.644,278.857
COMPLETE,8698.589,1113,25,64.215
COMPLETE,8706.822,1112,40,74.737
COMPLETE,8707.735,1119,49,29.369
TIMEOUT,8719.154,1098,47
COMPLETE,8720.260,1121,48,29.285
ARRIVAL,8725.742,1124,7,32.245,289.142
ARRIVAL,8725.935,1125,22,4.963,139.268
ARRIVAL,8729.154,1126,47,0.164,240.917
COMPLETE,8730.861,1118,29,62.262
COMPLETE,8735.886,1114,19,99.700
COMPLETE,8736.530,1123,33,44.419
COMPLETE,8741.494,1125,22,15.558
TIMEOUT,8741.706,1089,5
TIMEOUT,8748.186,1081,11
COMPLETE,8750.938,1117,39,91.216
ARRIVAL,8751.017,1127,28,45.415,291.184
ARRIVAL,8751.706,1128,5,13.607,185.572
ARRIVAL,8754.465,1129,16,35.259,268.000
COMPLETE,8755.270,1120,35,66.317
ARRIVAL,8758.186,1130,11,5.332,242.433
ARRIVAL,8758.201,1131,20,76.714,272.020
ARRIVAL,8762.505,1132,3,11.969,209.728
ARRIVAL,8763.100,1133,41,0.978,141.134
COMPLETE,8768.090,1111,27,145.009
ARRIVAL,8771.128,1134,8,12.236,169.854
COMPLETE,8784.723,1128,5,33.018
ARRIVAL,8784.994,1135,10,16.209,286.969
COMPLETE,8788.354,1126,47,59.200
COMPLETE,8792.115,1133,41,29.015
ARRIVAL,8798.958,1136,45,12.023,177.741
TIMEOUT,8807.276,1097,42
ARRIVAL,8807.427,1137,15,46.210,257.168
COMPLETE,8810.155,1130,11,51.969
ARRIVAL,8816.765,1138,26,44.948,254.102
ARRIVAL,8817.276,1139,42,23.830,275.671
COMPLETE,8819.512,1134,8,48.383
COMPLETE,8822.665,1106,23,231.997
ARRIVAL,8823.751,1140,30,38.235,156.456
ARRIVAL,8838.086,1141,29,13.033,151.387
ARRIVAL,8840.234,1142,25,4.184,220.108
COMPLETE,8844.339,1136,45,45.380
COMPLETE,8845.514,1129,16,91.049
COMPLETE,8846.949,1142,25,6.716
ARRIVAL,8848.930,1143,13,99.309,218.624
COMPLETE,8852.829,1132,3,90.324
ARRIVAL,8863.004,1144,18,63.806,279.763
COMPLETE,8865.074,1124,7,139.332
COMPLETE,8871.029,1127,28,120.012
ARRIVAL,8871.653,1145,14,18.768,138.485
COMPLETE,8871.997,1138,26,55.232
COMPLETE,8881.283,1135,10,96.289
ARRIVAL,8887.182,1146,35,4.827,236.234
TIMEOUT,8887.572,1122,9
TIMEOUT,8890.481,1110,1
TIMEOUT,8895.434,1087,2
ARRIVAL,8897.572,1147,9,18.437,169.014
ARRIVAL,8900.244,1148,41,67.304,274.887
ARRIVAL,8900.481,1149,1,10.940,145.087
ARRIVAL,8903.263,1150,44,8.070,185.936
ARRIVAL,8905.434,1151,2,21.872,295.448
COMPLETE,8911.421,1149,1,10.940
COMPLETE,8913.669,1140,30,89.918
COMPLETE,8918.496,1146,35,31.314
COMPLETE,8919.491,1150,44,16.228
COMPLETE,8936.933,1147,9,39.361
ARRIVAL,8937.612,1152,46,8.238,295.066
ARRIVAL,8938.021,1153,31,20.739,211.759
COMPLETE,8940.805,1141,29,102.719
TIMEOUT,8941.203,1116,21
COMPLETE,8945.033,1139,42,127.757
COMPLETE,8945.850,1152,46,8.238
COMPLETE,8950.097,1145,14,78.444
ARRIVAL,8951.203,1154,21,24.958,166.168
ARRIVAL,8953.021,1155,8,60.943,155.053
ARRIVAL,8959.061,1156,22,15.969,217.609
ARRIVAL,8969.681,1157,25,46.071,255.320
ARRIVAL,8975.871,1158,7,12.562,195.907
ARRIVAL,8976.303,1159,36,52.241,197.575
COMPLETE,8981.847,1131,20,223.646
COMPLETE,8987.272,1156,22,28.211
ARRIVAL,8992.659,1160,0,1.909,132.464
ARRIVAL,8996.773,1161,5,36.294,126.614
ARRIVAL,9004.850,1162,33,14.049,234.152
ARRIVAL,9009.700,1163,27,8.225,198.074
COMPLETE,9009.795,1158,7,33.924
COMPLETE,9010.534,1153,31,72.513
COMPLETE,9012.330,1154,21,61.127
COMPLETE,9014.239,1160,0,21.580
COMPLETE,9016.606,1137,15,209.180
ARRIVAL,9020.420,1164,4,25.409,288.307
ARRIVAL,9022.953,1165,45,29.851,217.251
ARRIVAL,9024.868,1166,35,82.553,159.047
ARRIVAL,9029.928,1167,44,15.729,114.115
COMPLETE,9030.922,1162,33,26.072
ARRIVAL,9032.476,1168,49,9.439,283.786
ARRIVAL,9037.350,1169,26,7.258,128.536
COMPLETE,9046.363,1167,44,16.435
COMPLETE,9047.216,1161,5,50.443
ARRIVAL,9048.602,1170,23,4.517,183.946
COMPLETE,9053.668,1148,41,153.424
ARRIVAL,9053.994,1171,34,22.788,154.995
ARRIVAL,9054.773,1172,46,1.592,111.554
ARRIVAL,9059.215,1173,39,26.293,107.591
COMPLETE,9060.509,1157,25,90.828
COMPLETE,9063.107,1168,49,30.631
ARRIVAL,9066.229,1174,47,0.366,111.802
ARRIVAL,9066.736,1175,43,47.327,174.913
COMPLETE,9067.624,1170,23,19.022
COMPLETE,9067.767,1169,26,30.417
ARRIVAL,9070.091,1176,28,13.632,188.334
COMPLETE,9073.177,1164,4,52.756
COMPLETE,9074.769,1172,46,19.997
ARRIVAL,9078.311,1177,11,18.046,138.720
COMPLETE,9078.778,1151,2,173.344
ARRIVAL,9082.081,1178,16,5.762,155.371
ARRIVAL,9082.197,1179,37,24.842,279.866
ARRIVAL,9084.518,1180,30,18.618,144.310
COMPLETE,9087.004,1163,27,77.303
COMPLETE,9087.782,1174,47,21.553
ARRIVAL,9091.668,1181,17,2.359,156.861
COMPLETE,9096.356,1177,11,18.046
ARRIVAL,9109.156,1182,14,20.237,220.522
ARRIVAL,9109.887,1183,10,15.431,101.841
COMPLETE,9110.612,1171,34,56.618
COMPLETE,9112.971,1181,17,21.303
COMPLETE,9114.974,1180,30,30.456
COMPLETE,9117.733,1165,45,94.780
COMPLETE,9119.264,1173,39,60.048
ARRIVAL,9122.514,1184,3,26.785,285.111
COMPLETE,9130.405,1183,10,20.519
COMPLETE,9131.366,1176,28,61.275
ARRIVAL,9134.853,1185,24,16.672,194.712
ARRIVAL,9139.066,1186,21,2.719,136.450
COMPLETE,9139.601,1182,14,30.445
ARRIVAL,9139.942,1187,22,41.082,291.404
ARRIVAL,9151.012,1188,15,21.991,185.279
ARRIVAL,9155.848,1189,33,10.582,263.058
COMPLETE,9157.290,1184,3,34.776
ARRIVAL,9164.562,1190,49,8.694,192.830
COMPLETE,9170.624,1189,33,14.775
ARRIVAL,9170.656,1191,7,19.870,282.679
COMPLETE,9173.165,1178,16,91.084
COMPLETE,9173.256,1190,49,8.694
TIMEOUT,9176.971,1144,18
ARRIVAL,9186.971,1192,18,39.822,258.813
ARRIVAL,9189.907,1193,19,79.769,131.694
COMPLETE,9194.385,1186,21,55.319
ARRIVAL,9195.214,1194,31,14.670,161.975
ARRIVAL,9203.525,1195,27,7.461,247.563
ARRIVAL,9204.974,1196,38,63.605,260.238
ARRIVAL,9208.189,1197,12,9.698,214.242
COMPLETE,9210.594,1191,7,39.938
COMPLETE,9213.743,1185,24,78.890
COMPLETE,9219.327,1179,37,137.130
COMPLETE,9224.677,1194,31,29.463
ARRIVAL,9229.235,1198,2,76.419,271.169
ARRIVAL,9231.686,1199,45,20.261,226.108
COMPLETE,9231.775,1187,22,91.834
COMPLETE,9232.137,1195,27,28.613
TIMEOUT,9233.052,1143,13
ARRIVAL,9235.637,1200,20,22.856,257.475
ARRIVAL,9236.003,1201,40,1.010,195.001
ARRIVAL,9243.052,1202,13,64.170,151.029
TIMEOUT,9245.293,1159,36
TIMEOUT,9246.236,1155,8
TIMEOUT,9246.754,1175,43
COMPLETE,9248.745,1188,15,97.732
ARRIVAL,9249.510,1203,29,32.216,233.958
ARRIVAL,9249.567,1204,47,35.588,209.901
COMPLETE,9251.597,1192,18,64.626
ARRIVAL,9255.293,1205,36,121.978,284.029
ARRIVAL,9256.236,1206,8,5.723,115.902
ARRIVAL,9256.754,1207,43,6.778,120.500
ARRIVAL,9270.688,1208,28,14.900,138.954
ARRIVAL,9271.276,1209,41,47.408,241.042
COMPLETE,9272.707,1201,40,36.704
COMPLETE,9276.034,1197,12,67.845
ARRIVAL,9278.022,1210,25,13.472,250.756
ARRIVAL,9296.835,1211,39,94.233,110.007
COMPLETE,9299.585,1207,43,42.831
ARRIVAL,9302.427,1212,46,0.820,131.813
COMPLETE,9309.606,1210,25,31.584
COMPLETE,9314.767,1206,8,58.531
ARRIVAL,9316.147,1213,7,0.338,203.604
ARRIVAL,9318.487,1214,4,38.744,295.915
COMPLETE,9322.541,1200,20,86.905
COMPLETE,9330.526,1212,46,28.099
ARRIVAL,9333.791,1215,49,4.378,123.967
COMPLETE,9334.131,1196,38,129.157
ARRIVAL,9335.438,1216,48,6.791,158.568
TIMEOUT,9337.421,1166,35
COMPLETE,9338.129,1204,47,88.562
COMPLETE,9338.509,1215,49,4.718
ARRIVAL,9341.380,1217,27,2.017,246.403
ARRIVAL,9347.421,1218,35,18.326,170.812
COMPLETE,9347.537,1208,28,76.849
COMPLETE,9347.798,1199,45,116.112
COMPLETE,9349.637,1203,29,100.127
COMPLETE,9349.975,1213,7,33.828
ARRIVAL,9357.604,1219,5,26.234,227.508
ARRIVAL,9371.501,1220,34,13.806,243.274
COMPLETE,9376.867,1216,48,41.429
ARRIVAL,9379.836,1221,23,20.036,175.746
COMPLETE,9385.307,1220,34,13.806
ARRIVAL,9389.440,1222,1,16.110,259.003
COMPLETE,9393.286,1198,2,164.050
COMPLETE,9396.656,1218,35,49.235
ARRIVAL,9397.413,1223,37,0.749,189.378
COMPLETE,9398.161,1223,37,0.749
ARRIVAL,9399.969,1224,44,12.947,144.622
ARRIVAL,9406.431,1225,42,12.617,209.211
ARRIVAL,9406.704,1226,22,33.943,166.723
TIMEOUT,9407.767,1193,19
COMPLETE,9412.917,1224,44,12.947
COMPLETE,9415.400,1214,4,96.912
ARRIVAL,9417.767,1227,19,31.614,217.335
ARRIVAL,9419.060,1228,12,1.221,284.521
COMPLETE,9421.517,1222,1,32.077
COMPLETE,9421.552,1221,23,41.716
COMPLETE,9422.808,1209,41,151.532
ARRIVAL,9424.006,1229,18,9.019,129.547
COMPLETE,9429.884,1217,27,88.504
COMPLETE,9435.425,1225,42,28.994
ARRIVAL,9447.248,1230,38,5.760,231.626
ARRIVAL,9448.317,1231,14,13.938,113.966
ARRIVAL,9449.924,1232,28,0.005,193.403
ARRIVAL,9450.592,1233,16,8.078,280.929
COMPLETE,9450.671,1229,18,26.665
COMPLETE,9453.008,1230,38,5.760
COMPLETE,9456.746,1228,12,37.686
COMPLETE,9462.285,1227,19,44.519
COMPLETE,9462.290,1232,28,12.367
COMPLETE,9470.368,1233,16,19.776
COMPLETE,9470.684,1231,14,22.368
ARRIVAL,9471.257,1234,31,8.058,269.617
ARRIVAL,9471.507,1235,6,35.561,293.004
COMPLETE,9479.315,1234,31,8.058
ARRIVAL,9482.743,1236,21,1.823,219.079
COMPLETE,9484.566,1236,21,1.823
COMPLETE,9484.627,1226,22,77.923
ARRIVAL,9510.329,1237,37,37.514,194.834
ARRIVAL,9511.688,1238,3,4.559,219.372
COMPLETE,9516.517,1219,5,158.913
COMPLETE,9520.288,1235,6,48.781
TIMEOUT,9520.688,1202,13
ARRIVAL,9523.407,1239,44,9.110,150.958
ARRIVAL,9530.688,1240,13,49.662,154.278
COMPLETE,9532.517,1239,44,9.110
ARRIVAL,9543.615,1241,34,4.954,214.696
ARRIVAL,9548.523,1242,23,58.490,256.010
COMPLETE,9557.571,1241,34,13.957
ARRIVAL,9564.744,1243,40,14.786,263.890
ARRIVAL,9564.984,1244,32,28.837,181.011
ARRIVAL,9565.417,1245,0,9.308,268.869
ARRIVAL,9575.353,1246,1,18.967,116.992
ARRIVAL,9575.411,1247,16,8.601,230.167
ARRIVAL,9585.281,1248,45,8.261,186.410
COMPLETE,9585.547,1238,3,73.859
ARRIVAL,9592.019,1249,33,1.450,144.783
COMPLETE,9592.458,1243,40,27.713
COMPLETE,9593.922,1244,32,28.937
ARRIVAL,9595.139,1250,31,4.370,226.276
ARRIVAL,9595.417,1251,20,5.431,259.830
COMPLETE,9601.765,1245,0,36.348
COMPLETE,9602.182,1248,45,16.901
ARRIVAL,9602.406,1252,30,83.342,128.307
COMPLETE,9607.213,1242,23,58.690
COMPLETE,9607.613,1251,20,12.196
COMPLETE,9608.663,1249,33,16.644
ARRIVAL,9608.680,1253,29,11.243,253.565
COMPLETE,9610.366,1247,16,34.955
ARRIVAL,9612.141,1254,38,57.829,265.469
COMPLETE,9613.033,1250,31,17.894
ARRIVAL,9613.336,1255,24,8.191,294.451
COMPLETE,9619.924,1253,29,11.243
COMPLETE,9620.029,1240,13,89.341
ARRIVAL,9625.934,1256,27,12.655,164.388
COMPLETE,9628.219,1255,24,14.883
ARRIVAL,9629.194,1257,46,39.664,196.580
ARRIVAL,9630.837,1258,35,82.355,135.758
COMPLETE,9638.590,1256,27,12.655
COMPLETE,9644.714,1246,1,69.361
ARRIVAL,9648.296,1259,18,6.174,119.082
ARRIVAL,9654.404,1260,22,5.250,166.262
COMPLETE,9659.654,1260,22,5.250
COMPLETE,9662.228,1237,37,151.899
ARRIVAL,9663.873,1261,49,49.708,224.527
ARRIVAL,9667.440,1262,5,33.148,232.940
ARRIVAL,9670.216,1263,47,2.727,259.952
ARRIVAL,9670.720,1264,7,9.934,190.777
COMPLETE,9672.943,1263,47,2.727
ARRIVAL,9683.774,1265,2,31.297,189.634
ARRIVAL,9688.348,1266,34,43.142,238.630
ARRIVAL,9694.363,1267,26,3.074,277.503
ARRIVAL,9696.108,1268,21,14.709,200.960
TIMEOUT,9696.561,1211,39
COMPLETE,9699.608,1259,18,51.311
ARRIVAL,9701.498,1269,17,52.158,140.040
ARRIVAL,9705.076,1270,12,34.435,245.864
ARRIVAL,9706.561,1271,39,36.933,126.838
COMPLETE,9707.146,1267,26,12.784
ARRIVAL,9708.018,1272,41,18.643,258.623
ARRIVAL,9712.135,1273,11,10.050,269.278
COMPLETE,9715.171,1265,2,31.397
COMPLETE,9719.271,1257,46,90.077
COMPLETE,9721.856,1268,21,25.748
COMPLETE,9726.595,1264,7,55.875
COMPLETE,9731.564,1261,49,67.691
ARRIVAL,9732.311,1274,24,11.924,290.086
ARRIVAL,9738.953,1275,4,12.714,234.228
ARRIVAL,9739.037,1276,44,37.702,150.836
COMPLETE,9745.321,1273,11,33.186
ARRIVAL,9746.036,1277,0,17.011,132.697
ARRIVAL,9752.170,1278,32,25.045,281.443
ARRIVAL,9756.760,1279,14,13.647,209.096
ARRIVAL,9762.153,1280,28,119.201,236.316
COMPLETE,9762.255,1271,39,55.694
COMPLETE,9770.307,1272,41,62.289
ARRIVAL,9773.673,1281,9,45.484,291.100
COMPLETE,9774.968,1275,4,36.016
ARRIVAL,9776.682,1282,3,5.573,125.723
COMPLETE,9777.301,1254,38,165.159
COMPLETE,9787.317,1277,0,41.281
COMPLETE,9788.615,1279,14,31.855
TIMEOUT,9788.873,1205,36
COMPLETE,9789.225,1274,24,56.914
COMPLETE,9794.188,1282,3,17.505
ARRIVAL,9797.436,1283,45,2.023,285.248
ARRIVAL,9798.873,1284,36,16.703,256.975
COMPLETE,9801.752,1270,12,96.676
ARRIVAL,9804.992,1285,47,16.991,105.384
ARRIVAL,9809.656,1286,40,1.098,263.215
COMPLETE,9815.576,1284,36,16.703
COMPLETE,9816.674,1286,40,7.019
COMPLETE,9822.474,1262,5,155.034
ARRIVAL,9828.489,1287,31,2.310,257.208
COMPLETE,9851.196,1283,45,53.760
ARRIVAL,9852.889,1288,46,14.584,202.232
COMPLETE,9868.187,1285,47,63.195
ARRIVAL,9868.510,1289,21,44.915,139.636
COMPLETE,9880.375,1276,44,141.338
COMPLETE,9885.421,1278,32,133.250
ARRIVAL,9889.502,1290,19,6.284,245.859
COMPLETE,9890.597,1287,31,62.108
COMPLETE,9893.739,1266,34,205.391
ARRIVAL,9893.966,1291,16,16.597,265.679
COMPLETE,9895.786,1290,19,6.284
ARRIVAL,9896.250,1292,49,12.602,238.094
COMPLETE,9900.005,1288,46,47.116
TIMEOUT,9905.897,1269,17
TIMEOUT,9909.239,1252,30
ARRIVAL,9914.971,1293,41,18.016,190.006
ARRIVAL,9915.897,1294,17,10.657,282.079
ARRIVAL,9919.239,1295,30,58.569,292.099
COMPLETE,9927.836,1281,9,154.163
COMPLETE,9932.987,1293,41,18.016
COMPLETE,9936.702,1291,16,42.736
ARRIVAL,9937.664,1296,10,3.976,110.784
TIMEOUT,9939.057,1258,35
COMPLETE,9940.438,1292,49,44.188
COMPLETE,9943.315,1296,10,5.652
ARRIVAL,9949.057,1297,35,0.010,222.685
ARRIVAL,9951.414,1298,12,39.235,164.057
ARRIVAL,9954.030,1299,14,91.073,177.812
ARRIVAL,9965.772,1300,24,2.297,205.527
ARRIVAL,9971.114,1301,29,2.142,159.845
COMPLETE,9971.195,1294,17,55.298
ARRIVAL,9983.886,1302,48,1.299,203.914
COMPLETE,9985.185,1302,48,1.299
COMPLETE,9991.305,1297,35,42.248
ARRIVAL,9993.358,1303,39,74.201,191.500
ARRIVAL,9995.457,1304,40,10.116,181.416
ARRIVAL,9998.852,1305,33,10.062,298.330
COMPLETE,10002.084,1295,30,82.845
ARRIVAL,10003.049,1306,0,2.608,267.066
COMPLETE,10004.226,1301,29,33.112
ARRIVAL,10005.645,1307,38,3.772,198.477
ARRIVAL,10007.861,1308,32,21.871,100.860
ARRIVAL,10011.441,1309,4,36.091,218.839
ARRIVAL,10012.804,1310,3,3.328,153.999
COMPLETE,10013.702,1300,24,47.930
TIMEOUT,10018.617,1289,21
COMPLETE,10023.461,1298,12,72.047
ARRIVAL,10023.928,1311,43,11.903,145.092
ARRIVAL,10028.617,1312,21,122.973,187.203
COMPLETE,10028.679,1305,33,29.826
ARRIVAL,10030.610,1313,7,46.205,262.935
COMPLETE,10033.577,1304,40,38.120
ARRIVAL,10034.161,1314,44,14.815,245.230
COMPLETE,10034.869,1310,3,22.065
COMPLETE,10036.185,1306,0,33.136
COMPLETE,10039.957,1307,38,34.312
TIMEOUT,10047.880,1280,28
ARRIVAL,10049.726,1315,27,90.217,216.088
ARRIVAL,10051.623,1316,15,36.130,115.382
ARRIVAL,10054.474,1317,42,42.462,161.229
ARRIVAL,10057.880,1318,28,37.905,264.013
ARRIVAL,10060.273,1319,45,9.769,202.586
COMPLETE,10070.042,1319,45,9.769
COMPLETE,10071.061,1309,4,59.620
ARRIVAL,10082.758,1320,49,38.853,115.250
ARRIVAL,10084.087,1321,8,9.798,244.840
ARRIVAL,10084.176,1322,13,47.556,208.639
COMPLETE,10085.875,1314,44,51.714
COMPLETE,10086.533,1311,43,62.605
ARRIVAL,10100.213,1323,26,63.834,177.295
ARRIVAL,10110.044,1324,6,6.704,132.925
ARRIVAL,10123.134,1325,31,13.042,187.187
ARRIVAL,10124.458,1326,16,97.021,188.925
COMPLETE,10136.830,1324,6,26.786
ARRIVAL,10137.304,1327,20,37.337,115.259
ARRIVAL,10138.243,1328,3,10.734,171.554
ARRIVAL,10142.348,1329,48,77.290,155.156
COMPLETE,10147.048,1315,27,97.322
TIMEOUT,10148.704,1308,32
COMPLETE,10153.455,1325,31,30.321
ARRIVAL,10153.717,1330,22,7.235,142.490
COMPLETE,10157.781,1328,3,19.538
ARRIVAL,10158.704,1331,32,28.050,283.138
ARRIVAL,10164.107,1332,30,15.374,117.761
COMPLETE,10178.602,1321,8,94.515
ARRIVAL,10182.856,1333,19,20.120,173.020
COMPLETE,10193.256,1332,30,29.148
ARRIVAL,10197.549,1334,40,2.983,231.575
COMPLETE,10200.890,1330,22,47.173
ARRIVAL,10207.543,1335,11,2.018,228.590
COMPLETE,10212.681,1313,7,182.071
ARRIVAL,10215.032,1336,17,15.521,130.424
COMPLETE,10216.339,1334,40,18.789
TIMEOUT,10229.875,1299,14
COMPLETE,10230.586,1318,28,172.706
ARRIVAL,10236.066,1337,24,19.526,169.175
COMPLETE,10238.327,1327,20,101.024
ARRIVAL,10239.875,1338,14,20.859,118.626
ARRIVAL,10243.109,1339,9,38.821,247.035
TIMEOUT,10246.006,1316,15
TIMEOUT,10249.439,1320,49
TIMEOUT,10251.902,1317,42
COMPLETE,10251.960,1336,17,36.928
ARRIVAL,10256.006,1340,15,11.257,237.332
ARRIVAL,10259.247,1341,29,33.588,136.430
ARRIVAL,10259.439,1342,49,9.541,275.810
TIMEOUT,10260.206,1303,39
ARRIVAL,10261.870,1343,43,122.568,292.866
ARRIVAL,10261.902,1344,42,21.495,296.601
COMPLETE,10262.262,1323,26,162.049
ARRIVAL,10269.353,1345,33,25.845,125.051
ARRIVAL,10270.206,1346,39,3.334,270.506
COMPLETE,10270.312,1331,32,111.608
COMPLETE,10271.486,1337,24,35.421
COMPLETE,10274.019,1335,11,66.476
ARRIVAL,10275.472,1347,6,2.783,212.361
ARRIVAL,10277.781,1348,12,18.250,163.062
ARRIVAL,10284.268,1349,27,60.467,189.227
COMPLETE,10285.276,1340,15,29.270
COMPLETE,10288.776,1329,48,146.428
ARRIVAL,10296.884,1350,8,32.232,133.526
ARRIVAL,10301.978,1351,3,10.411,104.086
ARRIVAL,10303.171,1352,10,66.930,108.457
COMPLETE,10309.948,1342,49,50.508
COMPLETE,10310.632,1333,19,127.776
COMPLETE,10313.966,1346,39,43.760
COMPLETE,10314.826,1338,14,74.950
ARRIVAL,10320.117,1353,18,2.743,228.590
COMPLETE,10331.759,1347,6,56.286
ARRIVAL,10332.879,1354,44,5.419,118.869
COMPLETE,10335.887,1351,3,33.909
ARRIVAL,10338.202,1355,28,13.300,112.820
COMPLETE,10348.297,1348,12,70.517
COMPLETE,10349.475,1341,29,90.228
ARRIVAL,10350.308,1356,25,59.593,213.020
COMPLETE,10353.746,1339,9,110.637
TIMEOUT,10355.853,1322,13
ARRIVAL,10364.327,1357,37,59.503,223.034
ARRIVAL,10365.853,1358,13,3.206,275.063
COMPLETE,10365.978,1350,8,69.094
ARRIVAL,10368.832,1359,0,153.706,187.894
COMPLETE,10374.994,1354,44,42.115
COMPLETE,10378.696,1353,18,58.579
ARRIVAL,10378.978,1360,2,71.174,183.427
COMPLETE,10379.277,1355,28,41.076
ARRIVAL,10379.495,1361,30,9.810,297.382
ARRIVAL,10380.184,1362,11,18.571,191.436
COMPLETE,10384.541,1345,33,115.188
ARRIVAL,10386.151,1363,15,17.731,247.185
COMPLETE,10389.305,1361,30,9.810
COMPLETE,10393.554,1344,42,131.652
COMPLETE,10398.300,1358,13,32.447
COMPLETE,10407.876,1362,11,27.692
ARRIVAL,10412.640,1364,17,7.641,267.964
TIMEOUT,10415.322,1326,16
ARRIVAL,10418.135,1365,35,5.702,262.717
ARRIVAL,10425.322,1366,16,11.203,244.329
ARRIVAL,10433.693,1367,41,15.769,148.399
ARRIVAL,10436.457,1368,49,8.998,224.842
ARRIVAL,10438.914,1369,34,25.194,250.347
ARRIVAL,10441.323,1370,3,16.359,262.656
COMPLETE,10443.063,1364,17,30.423
COMPLETE,10445.455,1368,49,8.998
COMPLETE,10448.765,1365,35,30.630
ARRIVAL,10457.831,1371,36,1.294,139.269
ARRIVAL,10458.405,1372,38,10.167,186.722
ARRIVAL,10465.238,1373,47,82.964,105.403
COMPLETE,10468.267,1357,37,103.941
ARRIVAL,10468.938,1374,26,11.666,209.818
COMPLETE,10471.585,1363,15,85.434
COMPLETE,10478.435,1372,38,20.029
COMPLETE,10481.914,1370,3,40.591
ARRIVAL,10483.888,1375,20,48.587,112.041
COMPLETE,10487.108,1369,34,48.194
ARRIVAL,10488.645,1376,5,50.664,149.812
ARRIVAL,10489.821,1377,19,12.480,250.970
COMPLETE,10490.100,1374,26,21.162
ARRIVAL,10490.341,1378,14,31.421,166.336
ARRIVAL,10494.561,1379,18,6.431,184.685
COMPLETE,10500.810,1367,41,67.117
COMPLETE,10519.688,1377,19,29.867
COMPLETE,10521.862,1378,14,31.521
COMPLETE,10522.988,1366,16,97.666
ARRIVAL,10525.187,1380,13,15.893,104.131
ARRIVAL,10533.469,1381,6,39.105,210.984
ARRIVAL,10536.589,1382,11,82.352,169.299
COMPLETE,10540.503,1356,25,190.196
ARRIVAL,10542.838,1383,45,3.619,174.492
ARRIVAL,10550.196,1384,23,75.286,298.026
ARRIVAL,10551.577,1385,12,51.369,120.499
COMPLETE,10555.681,1380,13,30.493
ARRIVAL,10557.194,1386,1,5.499,268.851
ARRIVAL,10562.568,1387,33,80.774,256.937
TIMEOUT,10563.576,1312,21
COMPLETE,10564.481,1371,36,106.650
ARRIVAL,10573.576,1388,21,10.656,281.420
COMPLETE,10575.795,1386,1,18.602
ARRIVAL,10583.781,1389,28,142.796,284.136
COMPLETE,10584.368,1375,20,100.480
ARRIVAL,10584.446,1390,35,11.785,279.616
TIMEOUT,10585.048,1349,27
COMPLETE,10588.667,1383,45,45.829
COMPLETE,10590.107,1379,18,95.546
ARRIVAL,10595.048,1391,27,43.245,280.606
ARRIVAL,10596.733,1392,40,6.133,177.283
ARRIVAL,10601.334,1393,46,4.014,248.131
ARRIVAL,10613.263,1394,4,2.247,282.510
COMPLETE,10615.123,1388,21,41.547
TIMEOUT,10615.698,1352,10
ARRIVAL,10621.045,1395,44,51.361,123.958
ARRIVAL,10625.698,1396,10,27.434,288.618
ARRIVAL,10634.519,1397,49,16.874,154.527
ARRIVAL,10636.084,1398,26,4.095,270.414
COMPLETE,10639.237,1393,46,37.904
COMPLETE,10647.869,1390,35,63.422
ARRIVAL,10657.811,1399,14,24.077,234.030
COMPLETE,10661.584,1394,4,48.320
COMPLETE,10674.102,1392,40,77.369
ARRIVAL,10676.573,1400,34,14.334,267.203
COMPLETE,10678.458,1397,49,43.939
TIMEOUT,10681.682,1360,2
ARRIVAL,10683.697,1401,36,9.966,298.259
ARRIVAL,10691.682,1402,2,50.388,152.138
ARRIVAL,10702.058,1403,38,0.841,223.329
TIMEOUT,10709.927,1385,12
ARRIVAL,10711.080,1404,24,34.704,164.359
ARRIVAL,10712.763,1405,3,71.421,150.765
ARRIVAL,10713.893,1406,13,51.858,208.510
COMPLETE,10718.397,1398,26,82.314
ARRIVAL,10719.870,1407,1,22.973,277.300
COMPLETE,10719.893,1401,36,36.196
ARRIVAL,10719.927,1408,12,20.551,224.874
COMPLETE,10720.886,1381,6,187.418
ARRIVAL,10730.492,1409,41,10.011,226.498
ARRIVAL,10744.179,1410,46,7.614,149.243
TIMEOUT,10751.651,1376,5
TIMEOUT,10758.965,1343,43
COMPLETE,10759.806,1403,38,57.748
ARRIVAL,10759.946,1411,19,16.121,264.500
ARRIVAL,10761.651,1412,5,51.145,187.595
COMPLETE,10765.985,1400,34,89.411
ARRIVAL,10768.965,1413,43,46.720,137.358
COMPLETE,10770.104,1409,41,39.612
ARRIVAL,10770.180,1414,35,32.756,118.152
TIMEOUT,10772.456,1382,11
COMPLETE,10773.883,1384,23,223.687
ARRIVAL,10782.456,1415,11,13.165,144.391
COMPLETE,10783.151,1391,27,188.103
COMPLETE,10788.577,1411,19,28.631
COMPLETE,10793.519,1396,10,167.821
ARRIVAL,10793.638,1416,22,6.925,122.179
ARRIVAL,10802.441,1417,45,13.714,292.318
ARRIVAL,10806.658,1418,30,15.626,132.755
COMPLETE,10807.328,1399,14,149.517
ARRIVAL,10810.257,1419,25,83.057,144.650
COMPLETE,10814.942,1410,46,70.763
ARRIVAL,10816.985,1420,8,5.510,192.440
ARRIVAL,10836.332,1421,32,40.938,237.757
COMPLETE,10841.942,1415,11,59.486
ARRIVAL,10845.489,1422,9,37.311,246.243
COMPLETE,10855.656,1417,45,53.215
COMPLETE,10858.115,1407,1,138.245
COMPLETE,10860.744,1416,22,67.106
COMPLETE,10861.295,1408,12,141.368
ARRIVAL,10861.819,1423,36,173.618,284.929
COMPLETE,10866.805,1420,8,49.819
TIMEOUT,10869.768,1373,47
ARRIVAL,10869.783,1424,7,8.235,131.596
ARRIVAL,10875.965,1425,4,18.702,180.165
ARRIVAL,10879.768,1426,47,16.741,263.440
ARRIVAL,10883.234,1427,15,2.211,278.493
TIMEOUT,10900.256,1402,2
ARRIVAL,10903.671,1428,19,12.421,171.607
COMPLETE,10908.491,1424,7,38.708
TIMEOUT,10909.187,1404,24
COMPLETE,10910.173,1406,13,196.279
ARRIVAL,10910.256,1429,2,8.409,251.450
ARRIVAL,10917.804,1430,23,28.844,204.459
ARRIVAL,10919.187,1431,24,30.871,178.501
COMPLETE,10924.813,1418,30,118.155
TIMEOUT,10927.377,1405,3
ARRIVAL,10931.448,1432,38,39.483,274.226
TIMEOUT,10936.174,1395,44
ARRIVAL,10937.377,1433,3,15.095,249.335
ARRIVAL,10943.577,1434,16,13.228,140.472
TIMEOUT,10943.979,1359,0
COMPLETE,10946.079,1425,4,70.114
ARRIVAL,10946.174,1435,44,119.574,231.374
ARRIVAL,10948.610,1436,29,54.174,167.012
COMPLETE,10949.548,1421,32,113.216
ARRIVAL,10953.979,1437,0,77.934,206.123
TIMEOUT,10957.048,1387,33
ARRIVAL,10959.970,1438,34,4.913,282.655
COMPLETE,10961.290,1422,9,115.801
ARRIVAL,10961.519,1439,42,76.378,281.815
COMPLETE,10962.820,1426,47,83.052
ARRIVAL,10967.048,1440,33,14.022,127.018
ARRIVAL,10968.100,1441,14,12.052,143.587
COMPLETE,10973.711,1428,19,70.040
ARRIVAL,10974.985,1442,39,6.802,197.290
COMPLETE,10978.492,1430,23,60.688
COMPLETE,10979.359,1427,15,96.125
COMPLETE,10991.330,1429,2,81.074
TIMEOUT,10992.115,1414,35
TIMEOUT,10998.050,1413,43
ARRIVAL,11002.115,1443,35,6.550,271.110
COMPLETE,11003.505,1438,34,43.535
ARRIVAL,11006.897,1444,48,0.252,284.858
ARRIVAL,11006.989,1445,31,2.473,211.419
ARRIVAL,11008.050,1446,43,69.393,235.472
ARRIVAL,11010.876,1447,7,1.613,206.341
COMPLETE,11013.145,1433,3,75.768
COMPLETE,11019.017,1442,39,44.032
ARRIVAL,11020.184,1448,21,1.883,270.939
COMPLETE,11026.373,1434,16,82.796
TIMEOUT,11030.162,1412,5
COMPLETE,11030.414,1444,48,23.517
COMPLETE,11037.626,1440,33,70.578
ARRIVAL,11040.162,1449,5,6.358,179.279
COMPLETE,11048.946,1445,31,41.957
COMPLETE,11049.679,1441,14,81.578
COMPLETE,11050.828,1448,21,30.644
COMPLETE,11064.982,1431,24,145.795
ARRIVAL,11066.613,1450,27,75.195,238.325
ARRIVAL,11068.275,1451,13,7.273,152.714
ARRIVAL,11069.343,1452,49,26.349,128.611
ARRIVAL,11070.501,1453,20,11.752,286.402
COMPLETE,11071.532,1443,35,69.417
COMPLETE,11073.145,1447,7,62.269
ARRIVAL,11079.113,1454,18,114.669,124.557
ARRIVAL,11080.409,1455,46,6.472,282.600
ARRIVAL,11080.860,1456,41,7.655,176.381
ARRIVAL,11093.658,1457,4,63.162,123.997
TIMEOUT,11094.086,1419,25
ARRIVAL,11100.454,1458,19,18.574,122.304
COMPLETE,11101.741,1456,41,20.881
ARRIVAL,11104.086,1459,25,47.672,206.684
COMPLETE,11108.090,1452,49,38.747
ARRIVAL,11110.861,1460,1,4.454,296.154
COMPLETE,11112.728,1432,38,181.281
COMPLETE,11116.337,1449,5,76.175
ARRIVAL,11120.299,1461,11,58.608,292.928
ARRIVAL,11126.374,1462,17,29.332,221.419
COMPLETE,11126.664,1458,19,26.210
TIMEOUT,11130.511,1436,29
COMPLETE,11131.118,1460,1,20.257
COMPLETE,11137.386,1455,46,56.977
COMPLETE,11140.101,1451,13,71.826
ARRIVAL,11140.511,1463,29,13.646,196.282
ARRIVAL,11144.574,1464,10,22.951,103.186
COMPLETE,11151.853,1453,20,81.352
ARRIVAL,11152.527,1465,48,15.571,249.112
COMPLETE,11160.550,1462,17,34.177
ARRIVAL,11165.309,1466,33,35.521,212.546
ARRIVAL,11169.438,1467,3,27.341,239.914
ARRIVAL,11173.230,1468,8,26.751,142.624
ARRIVAL,11185.352,1469,12,4.280,199.289
ARRIVAL,11198.462,1470,30,57.519,217.657
ARRIVAL,11200.141,1471,22,13.848,154.374
ARRIVAL,11206.669,1472,41,36.509,273.929
ARRIVAL,11213.821,1473,9,10.322,199.546
COMPLETE,11216.433,1469,12,31.081
ARRIVAL,11216.644,1474,37,18.839,170.465
ARRIVAL,11219.363,1475,24,9.144,228.765
TIMEOUT,11220.582,1389,28
COMPLETE,11221.030,1466,33,55.721
ARRIVAL,11224.340,1476,32,35.689,246.903
COMPLETE,11227.781,1468,8,54.551
ARRIVAL,11230.582,1477,28,7.224,233.419
ARRIVAL,11231.532,1478,35,146.643,145.842
COMPLETE,11234.228,1463,29,93.718
ARRIVAL,11238.200,1479,21,25.355,142.918
ARRIVAL,11242.193,1480,13,51.717,198.009
ARRIVAL,11244.721,1481,26,27.588,178.853
ARRIVAL,11245.559,1482,23,94.073,271.601
COMPLETE,11246.582,1465,48,94.055
ARRIVAL,11251.582,1483,46,44.050,157.381
COMPLETE,11258.203,1473,9,44.382
ARRIVAL,11258.876,1484,2,10.706,228.441
TIMEOUT,11263.721,1446,43
COMPLETE,11270.481,1471,22,70.341
ARRIVAL,11272.045,1485,7,20.482,231.572
ARRIVAL,11273.721,1486,43,47.748,123.981
COMPLETE,11277.043,1474,37,60.399
COMPLETE,11284.267,1477,28,53.685
TIMEOUT,11284.615,1437,0
ARRIVAL,11294.615,1487,0,43.221,282.846
ARRIVAL,11298.780,1488,1,2.987,281.508
COMPLETE,11299.725,1475,24,80.363
ARRIVAL,11309.263,1489,6,66.278,164.404
ARRIVAL,11318.205,1490,39,36.721,186.942
COMPLETE,11320.876,1472,41,114.207
TIMEOUT,11321.093,1439,42
ARRIVAL,11325.567,1491,14,52.329,274.949
ARRIVAL,11331.093,1492,42,14.175,269.250
ARRIVAL,11346.820,1493,45,3.822,143.293
TIMEOUT,11347.072,1464,10
ARRIVAL,11357.072,1494,10,2.714,277.882
ARRIVAL,11359.475,1495,47,3.608,163.696
ARRIVAL,11372.152,1496,31,3.494,292.135
TIMEOUT,11386.531,1479,21
COMPLETE,11388.734,1467,3,219.296
COMPLETE,11390.259,1488,1,91.480
COMPLETE,11390.831,1484,2,131.956
TIMEOUT,11396.406,1459,25
ARRIVAL,11396.531,1497,21,3.130,297.840
TIMEOUT,11405.454,1450,27
ARRIVAL,11406.406,1498,25,74.089,269.788
ARRIVAL,11408.591,1499,29,44.885,126.800
ARRIVAL,11409.537,1500,48,23.716,262.272
ARRIVAL,11415.454,1501,27,22.320,192.181
ARRIVAL,11416.518,1502,28,2.777,285.052
ARRIVAL,11417.108,1503,19,0.287,278.242
ARRIVAL,11421.478,1504,33,11.736,229.803
ARRIVAL,11422.436,1505,49,27.961,216.380
TIMEOUT,11424.062,1461,11
TIMEOUT,11430.506,1435,44
COMPLETE,11430.553,1493,45,83.732
COMPLETE,11432.195,1476,32,207.855
COMPLETE,11433.266,1494,10,76.194
ARRIVAL,11434.062,1506,11,0.744,209.225
COMPLETE,11435.803,1495,47,76.327
ARRIVAL,11439.778,1507,37,14.301,194.728
ARRIVAL,11440.506,1508,44,2.485,240.138
COMPLETE,11444.681,1492,42,113.588
ARRIVAL,11448.578,1509,16,1.674,285.961
TIMEOUT,11452.269,1481,26
ARRIVAL,11462.269,1510,26,129.257,260.227
COMPLETE,11464.744,1485,7,192.699
ARRIVAL,11467.722,1511,38,2.102,209.631
TIMEOUT,11467.906,1457,4
COMPLETE,11475.863,1496,31,103.711
COMPLETE,11476.596,1497,21,80.065
ARRIVAL,11477.906,1512,4,16.872,118.501
COMPLETE,11490.783,1502,28,74.265
COMPLETE,11493.317,1490,39,175.112
TIMEOUT,11493.382,1470,30
ARRIVAL,11496.843,1513,24,12.857,208.716
ARRIVAL,11497.923,1514,3,103.798,129.400
ARRIVAL,11503.170,1515,22,11.772,255.332
ARRIVAL,11503.382,1516,30,51.514,278.224
ARRIVAL,11510.226,1517,1,19.397,264.734
COMPLETE,11511.627,1506,11,77.565
COMPLETE,11513.769,1503,19,96.661
TIMEOUT,11517.467,1483,46
COMPLETE,11519.952,1508,44,79.447
ARRIVAL,11527.467,1518,46,90.639,111.368
TIMEOUT,11527.701,1486,43
COMPLETE,11528.070,1507,37,88.292
ARRIVAL,11537.701,1519,43,35.352,141.131
ARRIVAL,11542.136,1520,40,0.971,212.601
TIMEOUT,11543.444,1480,13
COMPLETE,11548.039,1504,33,126.560
COMPLETE,11549.713,1509,16,101.135
COMPLETE,11551.022,1487,0,256.406
ARRIVAL,11553.444,1521,13,30.986,200.228
ARRIVAL,11556.334,1522,17,35.537,144.530
COMPLETE,11565.043,1512,4,87.137
COMPLETE,11570.419,1517,1,60.193
COMPLETE,11571.915,1511,38,104.193
ARRIVAL,11572.301,1523,20,50.842,224.055
COMPLETE,11574.135,1500,48,164.598
ARRIVAL,11577.828,1524,47,15.794,288.609
COMPLETE,11577.900,1513,24,81.057
ARRIVAL,11582.339,1525,12,1.457,298.802
ARRIVAL,11584.171,1526,8,25.701,185.440
ARRIVAL,11585.745,1527,10,6.436,197.071
ARRIVAL,11588.837,1528,15,31.460,202.500
ARRIVAL,11589.763,1529,2,34.641,147.031
COMPLETE,11595.416,1515,22,92.245
COMPLETE,11603.377,1505,49,180.941
TIMEOUT,11611.618,1423,36
COMPLETE,11612.588,1520,40,70.452
TIMEOUT,11614.435,1501,27
ARRIVAL,11621.618,1530,36,9.222,140.913
ARRIVAL,11624.435,1531,27,33.536,252.322
ARRIVAL,11629.067,1532,21,1.760,296.512
TIMEOUT,11635.806,1491,14
ARRIVAL,11639.263,1533,42,52.138,105.415
ARRIVAL,11645.806,1534,14,22.801,128.255
TIMEOUT,11649.203,1454,18
COMPLETE,11650.229,1524,47,72.401
COMPLETE,11651.686,1525,12,69.347
ARRIVAL,11659.203,1535,18,54.368,193.900
TIMEOUT,11660.790,1499,29
COMPLETE,11667.037,1519,43,129.337
ARRIVAL,11670.790,1536,29,25.740,261.909
ARRIVAL,11671.331,1537,32,50.048,240.138
COMPLETE,11687.327,1527,10,101.582
ARRIVAL,11689.818,1538,1,3.999,289.720
ARRIVAL,11695.972,1539,34,1.634,219.902
COMPLETE,11696.359,1530,36,74.742
COMPLETE,11698.119,1532,21,69.052
ARRIVAL,11709.177,1540,11,45.359,187.394
COMPLETE,11718.412,1521,13,164.969
ARRIVAL,11718.808,1541,19,16.515,121.321
TIMEOUT,11727.162,1482,23
ARRIVAL,11731.462,1542,4,14.679,147.232
TIMEOUT,11735.881,1489,6
ARRIVAL,11737.162,1543,23,65.934,119.628
ARRIVAL,11738.706,1544,0,32.973,134.583
TIMEOUT,11742.698,1522,17
ARRIVAL,11745.881,1545,6,34.203,210.866
ARRIVAL,11749.355,1546,44,0.968,254.777
ARRIVAL,11752.698,1547,17,34.832,112.623
COMPLETE,11767.441,1528,15,178.604
COMPLETE,11768.499,1526,8,184.328
COMPLETE,11769.261,1523,20,196.960
COMPLETE,11772.499,1538,1,82.681
ARRIVAL,11778.438,1548,39,4.386,132.555
TIMEOUT,11782.082,1529,2
TIMEOUT,11784.013,1516,30
COMPLETE,11785.647,1539,34,89.675
ARRIVAL,11791.764,1549,16,16.207,286.395
ARRIVAL,11792.082,1550,2,10.538,248.400
TIMEOUT,11792.162,1534,14
ARRIVAL,11794.013,1551,30,0.087,237.430
COMPLETE,11799.182,1531,27,174.748
ARRIVAL,11801.554,1552,7,23.948,128.972
ARRIVAL,11802.162,1553,14,18.606,121.885
COMPLETE,11813.230,1546,44,63.876
COMPLETE,11815.327,1541,19,96.519
ARRIVAL,11819.330,1554,10,48.032,295.223
COMPLETE,11819.369,1551,30,25.357
COMPLETE,11821.067,1536,29,150.277
ARRIVAL,11821.809,1555,38,27.662,296.188
TIMEOUT,11836.372,1498,25
ARRIVAL,11837.331,1556,21,22.479,156.803
COMPLETE,11837.716,1548,39,59.277
COMPLETE,11837.976,1553,14,35.813
ARRIVAL,11846.372,1557,25,8.098,235.736
COMPLETE,11851.051,1542,4,119.589
COMPLETE,11852.344,1535,18,193.141
ARRIVAL,11852.918,1558,13,78.941,254.751
COMPLETE,11874.023,1549,16,82.259
ARRIVAL,11878.061,1559,15,37.719,140.422
COMPLETE,11880.542,1557,25,34.171
TIMEOUT,11886.996,1544,0
COMPLETE,11888.204,1555,38,66.395
ARRIVAL,11895.393,1560,12,65.644,164.844
ARRIVAL,11896.996,1561,0,28.838,182.541
ARRIVAL,11898.141,1562,28,49.097,171.129
ARRIVAL,11905.911,1563,1,14.738,142.637
ARRIVAL,11906.917,1564,40,58.288,286.887
ARRIVAL,11908.795,1565,45,8.602,229.866
COMPLETE,11912.006,1550,2,119.924
ARRIVAL,11914.358,1566,34,57.058,281.801
ARRIVAL,11920.379,1567,49,24.658,143.337
ARRIVAL,11930.167,1568,29,59.391,157.682
ARRIVAL,11939.951,1569,44,10.498,142.511
COMPLETE,11946.309,1545,6,200.427
ARRIVAL,11947.005,1570,9,11.759,175.187
ARRIVAL,11951.234,1571,47,8.092,210.291
TIMEOUT,11961.141,1547,17
COMPLETE,11966.223,1559,15,88.161
ARRIVAL,11967.195,1572,20,50.551,126.979
ARRIVAL,11968.731,1573,41,9.382,294.102
ARRIVAL,11971.141,1574,17,4.279,135.342
TIMEOUT,11971.189,1537,32
ARRIVAL,11973.618,1575,19,36.155,237.714
COMPLETE,11974.825,1565,45,66.030
ARRIVAL,11980.387,1576,43,26.960,209.528
ARRIVAL,11981.189,1577,32,2.154,105.466
COMPLETE,11982.134,1563,1,76.223
TIMEOUT,11983.789,1533,42
TIMEOUT,11987.736,1552,7
ARRIVAL,11989.691,1578,37,34.886,183.113
TIMEOUT,11991.391,1510,26
TIMEOUT,11993.095,1540,11
ARRIVAL,11993.789,1579,42,64.860,262.995
COMPLETE,11993.870,1556,21,156.539
ARRIVAL,11997.736,1580,7,2.580,283.512
ARRIVAL,12001.391,1581,26,7.417,288.956
ARRIVAL,12003.095,1582,11,4.689,193.488
ARRIVAL,12003.267,1583,22,1.469,238.825
COMPLETE,12005.423,1569,44,65.471
ARRIVAL,12017.516,1584,2,141.274,154.172
TIMEOUT,12019.903,1543,23
ARRIVAL,12029.903,1585,23,37.587,182.084
COMPLETE,12033.614,1571,47,82.380
TIMEOUT,12042.127,1518,46
ARRIVAL,12042.856,1586,5,31.905,220.456
COMPLETE,12042.997,1573,41,74.266
COMPLETE,12045.054,1570,9,98.049
COMPLETE,12048.842,1561,0,151.846
ARRIVAL,12052.127,1587,46,60.120,207.709
COMPLETE,12053.120,1574,17,81.980
COMPLETE,12057.809,1582,11,54.714
COMPLETE,12064.381,1577,32,83.193
ARRIVAL,12070.614,1588,25,5.654,106.078
ARRIVAL,12075.424,1589,18,32.377,167.837
ARRIVAL,12083.873,1590,31,94.190,239.565
COMPLETE,12086.723,1583,22,83.456
TIMEOUT,12088.279,1514,3
COMPLETE,12090.859,1580,7,93.123
TIMEOUT,12091.381,1567,49
ARRIVAL,12092.759,1591,36,36.900,176.042
ARRIVAL,12095.905,1592,15,17.242,259.326
ARRIVAL,12098.279,1593,3,32.117,112.481
ARRIVAL,12098.376,1594,38,5.862,160.370
ARRIVAL,12099.709,1595,24,15.652,269.880
ARRIVAL,12101.381,1596,49,0.327,195.242
COMPLETE,12110.713,1581,26,109.322
TIMEOUT,12119.513,1554,10
TIMEOUT,12119.810,1562,28
ARRIVAL,12127.699,1597,33,155.103,113.297
ARRIVAL,12129.513,1598,10,26.455,279.809
ARRIVAL,12129.810,1599,28,15.670,186.713
ARRIVAL,12132.899,1600,8,73.020,261.091
COMPLETE,12135.965,1575,19,162.348
COMPLETE,12138.019,1576,43,157.633
COMPLETE,12141.619,1588,25,71.005
ARRIVAL,12142.385,1601,14,49.787,285.539
ARRIVAL,12142.403,1602,45,74.844,158.042
TIMEOUT,12146.255,1478,35
ARRIVAL,12149.394,1603,16,15.451,140.879
ARRIVAL,12151.589,1604,0,13.134,151.937
COMPLETE,12152.905,1578,37,163.214
ARRIVAL,12156.255,1605,35,25.742,168.558
ARRIVAL,12172.720,1606,6,25.867,217.347
TIMEOUT,12177.700,1568,29
ARRIVAL,12186.670,1607,11,5.422,279.200
ARRIVAL,12187.700,1608,29,3.314,151.049
COMPLETE,12191.294,1564,40,284.377
COMPLETE,12195.286,1585,23,165.383
COMPLETE,12199.061,1592,15,103.156
COMPLETE,12201.149,1594,38,102.773
ARRIVAL,12202.244,1609,17,56.330,185.609
TIMEOUT,12204.705,1560,12
ARRIVAL,12208.929,1610,22,7.179,135.883
ARRIVAL,12211.014,1611,47,45.139,244.370
ARRIVAL,12214.705,1612,12,0.654,229.228
COMPLETE,12216.801,1595,24,117.092
COMPLETE,12217.128,1596,49,115.747
COMPLETE,12227.064,1599,28,97.254
TIMEOUT,12227.678,1572,20
ARRIVAL,12233.691,1613,41,33.350,192.170
ARRIVAL,12237.678,1614,20,26.730,145.733
COMPLETE,12237.939,1604,0,86.350
COMPLETE,12238.561,1586,5,195.704
ARRIVAL,12239.245,1615,30,64.784,163.997
TIMEOUT,12244.122,1566,34
ARRIVAL,12254.122,1616,34,0.280,243.862
ARRIVAL,12254.903,1617,21,58.581,162.371
TIMEOUT,12260.156,1589,18
ARRIVAL,12264.070,1618,27,45.648,284.959
ARRIVAL,12265.169,1619,44,6.638,279.576
COMPLETE,12267.335,1610,22,58.406
COMPLETE,12267.989,1612,12,53.284
ARRIVAL,12270.156,1620,18,26.557,216.435
ARRIVAL,12270.941,1621,9,24.083,165.678
COMPLETE,12274.111,1603,16,124.718
ARRIVAL,12277.491,1622,48,1.094,159.566
ARRIVAL,12289.258,1623,19,54.018,275.108
TIMEOUT,12293.052,1558,13
ARRIVAL,12293.455,1624,40,14.004,211.978
TIMEOUT,12301.222,1591,36
ARRIVAL,12303.052,1625,13,25.911,290.226
COMPLETE,12303.661,1607,11,116.991
TIMEOUT,12305.169,1593,3
COMPLETE,12308.470,1616,34,54.347
COMPLETE,12308.483,1608,29,120.783
ARRIVAL,12311.222,1626,36,63.694,123.776
ARRIVAL,12315.169,1627,3,16.669,206.075
ARRIVAL,12333.108,1628,38,28.436,256.449
COMPLETE,12335.037,1598,10,205.525
COMPLETE,12335.208,1619,44,70.039
COMPLETE,12341.937,1614,20,104.259
ARRIVAL,12343.799,1629,15,95.814,160.475
ARRIVAL,12353.470,1630,43,40.445,106.155
TIMEOUT,12369.641,1605,35
COMPLETE,12376.041,1624,40,82.586
ARRIVAL,12379.641,1631,35,57.855,291.463
ARRIVAL,12381.787,1632,16,12.175,122.401
ARRIVAL,12386.215,1633,7,20.342,275.163
ARRIVAL,12390.460,1634,4,6.929,165.925
ARRIVAL,12391.584,1635,25,20.815,214.449
ARRIVAL,12393.539,1636,0,7.494,208.860
TIMEOUT,12394.600,1579,42
TIMEOUT,12396.261,1587,46
COMPLETE,12402.817,1622,48,125.326
ARRIVAL,12404.600,1637,42,27.557,173.887
ARRIVAL,12406.261,1638,46,0.504,200.148
ARRIVAL,12406.976,1639,24,8.197,234.497
TIMEOUT,12408.683,1606,6
ARRIVAL,12412.002,1640,11,69.621,292.086
COMPLETE,12412.007,1627,3,96.837
ARRIVAL,12418.683,1641,6,134.318,122.315
ARRIVAL,12440.488,1642,37,12.274,126.582
ARRIVAL,12446.002,1643,23,2.840,155.008
ARRIVAL,12450.069,1644,22,38.830,180.825
ARRIVAL,12457.267,1645,12,42.849,250.153
ARRIVAL,12460.022,1646,5,135.021,299.317
ARRIVAL,12460.112,1647,34,5.621,234.062
TIMEOUT,12461.994,1601,14
ARRIVAL,12462.177,1648,28,16.578,243.933
COMPLETE,12463.491,1634,4,73.030
ARRIVAL,12465.641,1649,1,13.540,247.719
TIMEOUT,12466.077,1621,9
TIMEOUT,12468.250,1613,41
ARRIVAL,12471.994,1650,14,31.206,285.383
ARRIVAL,12476.077,1651,9,0.844,288.265
ARRIVAL,12478.250,1652,41,48.925,106.693
COMPLETE,12478.251,1632,16,96.464
ARRIVAL,12481.560,1653,20,34.792,190.366
COMPLETE,12489.501,1625,13,186.449
ARRIVAL,12491.276,1654,44,12.339,245.499
TIMEOUT,12494.907,1620,18
ARRIVAL,12497.356,1655,32,11.407,229.492
COMPLETE,12502.400,1636,0,108.861
COMPLETE,12502.904,1638,46,96.643
ARRIVAL,12504.907,1656,18,30.310,220.258
COMPLETE,12517.798,1639,24,110.822
TIMEOUT,12536.379,1617,21
TIMEOUT,12537.848,1602,45
ARRIVAL,12545.045,1657,26,59.216,113.477
ARRIVAL,12546.379,1658,21,5.530,156.520
ARRIVAL,12547.848,1659,45,35.936,153.800
COMPLETE,12550.397,1623,19,261.139
COMPLETE,12550.825,1642,37,110.337
ARRIVAL,12551.763,1660,49,11.593,124.589
ARRIVAL,12563.789,1661,40,23.139,292.350
ARRIVAL,12564.861,1662,48,16.806,120.531
COMPLETE,12573.765,1643,23,127.763
TIMEOUT,12585.813,1609,17
COMPLETE,12591.412,1635,25,199.828
TIMEOUT,12594.249,1628,38
ARRIVAL,12595.813,1663,17,27.655,210.757
TIMEOUT,12599.388,1611,47
COMPLETE,12599.486,1647,34,139.373
COMPLETE,12599.828,1633,7,213.612
ARRIVAL,12604.249,1664,38,6.619,295.101
COMPLETE,12607.989,1648,28,145.813
ARRIVAL,12609.388,1665,47,16.779,249.945
COMPLETE,12611.688,1649,1,146.047
TIMEOUT,12615.546,1637,42
ARRIVAL,12620.627,1666,16,10.523,128.384
TIMEOUT,12625.137,1618,27
ARRIVAL,12625.546,1667,42,19.188,167.439
COMPLETE,12632.632,1651,9,156.555
ARRIVAL,12635.137,1668,27,29.314,280.088
TIMEOUT,12638.156,1600,8
ARRIVAL,12640.330,1669,4,28.416,111.590
ARRIVAL,12643.945,1670,39,33.978,188.284
TIMEOUT,12646.822,1590,31
ARRIVAL,12648.156,1671,8,74.044,280.696
ARRIVAL,12653.000,1672,3,6.367,298.374
ARRIVAL,12656.822,1673,31,28.976,123.571
COMPLETE,12659.161,1654,44,167.885
TIMEOUT,12660.572,1630,43
COMPLETE,12667.153,1655,32,169.797
ARRIVAL,12670.572,1674,43,15.817,200.988
ARRIVAL,12678.773,1675,29,26.517,174.834
ARRIVAL,12683.700,1676,19,39.162,170.635
COMPLETE,12683.887,1658,21,137.508
TIMEOUT,12685.008,1631,35
ARRIVAL,12695.008,1677,35,13.633,273.578
TIMEOUT,12695.480,1660,49
ARRIVAL,12696.244,1678,25,39.614,286.337
ARRIVAL,12701.403,1679,46,0.391,114.929
TIMEOUT,12703.838,1644,22
TIMEOUT,12704.145,1615,30
ARRIVAL,12705.480,1680,49,44.158,109.639
ARRIVAL,12713.838,1681,22,5.822,282.851
ARRIVAL,12714.145,1682,30,1.412,281.933
TIMEOUT,12717.578,1662,48
COMPLETE,12720.924,1665,47,111.535
ARRIVAL,12727.578,1683,48,57.271,194.142
COMPLETE,12730.557,1664,38,126.308
COMPLETE,12732.130,1650,14,260.136
COMPLETE,12741.080,1666,16,120.453
TIMEOUT,12741.372,1626,36
ARRIVAL,12751.372,1684,36,40.361,214.756
COMPLETE,12754.867,1667,42,129.321
ARRIVAL,12757.847,1685,1,26.796,185.989
ARRIVAL,12766.486,1686,10,34.172,128.092
ARRIVAL,12771.474,1687,28,19.114,187.108
TIMEOUT,12771.782,1656,18
TIMEOUT,12775.972,1653,20
COMPLETE,12778.149,1672,3,125.150
ARRIVAL,12781.782,1688,18,1.541,155.956
ARRIVAL,12785.972,1689,20,8.339,284.759
ARRIVAL,12789.194,1690,37,20.779,299.918
TIMEOUT,12801.099,1645,12
COMPLETE,12801.490,1679,46,100.087
TIMEOUT,12809.145,1663,17
ARRIVAL,12811.099,1691,12,42.815,276.642
ARRIVAL,12819.145,1692,17,55.894,114.256
COMPLETE,12829.805,1677,35,134.797
TIMEOUT,12830.519,1584,2
COMPLETE,12830.984,1674,43,160.412
ARRIVAL,12833.415,1693,38,50.494,222.467
ARRIVAL,12835.977,1694,44,43.930,111.964
ARRIVAL,12840.519,1695,2,15.882,100.179
TIMEOUT,12845.741,1659,45
COMPLETE,12851.563,1681,22,137.725
COMPLETE,12852.160,1688,18,70.378
COMPLETE,12854.224,1661,40,290.434
ARRIVAL,12855.741,1696,45,28.689,116.586
ARRIVAL,12862.994,1697,24,86.095,163.868
TIMEOUT,12871.376,1657,26
ARRIVAL,12871.885,1698,34,39.058,234.934
COMPLETE,12874.242,1682,30,160.097
ARRIVAL,12876.456,1699,16,32.441,117.193
COMPLETE,12879.715,1689,20,93.742
TIMEOUT,12880.588,1652,41
ARRIVAL,12881.376,1700,26,24.960,251.587
COMPLETE,12883.556,1668,27,248.419
ARRIVAL,12890.588,1701,41,18.665,131.373
TIMEOUT,12897.533,1670,39
COMPLETE,12899.702,1687,28,128.228
ARRIVAL,12901.792,1702,32,12.028,129.350
TIMEOUT,12902.840,1669,4
ARRIVAL,12907.533,1703,39,40.129,198.246
TIMEOUT,12908.678,1673,31
TIMEOUT,12912.461,1640,11
ARRIVAL,12912.840,1704,4,79.866,135.112
TIMEOUT,12915.195,1675,29
ARRIVAL,12918.678,1705,31,17.560,262.212
ARRIVAL,12922.461,1706,11,24.124,123.859
ARRIVAL,12925.195,1707,29,10.351,266.470
TIMEOUT,12933.447,1629,15
ARRIVAL,12943.447,1708,15,0.303,227.099
ARRIVAL,12946.848,1709,3,17.666,101.997
TIMEOUT,12951.177,1695,2
ARRIVAL,12961.177,1710,2,4.423,143.933
TIMEOUT,12971.823,1676,19
COMPLETE,12973.161,1678,25,276.917
TIMEOUT,12974.286,1686,10
ARRIVAL,12981.823,1711,19,20.061,247.065
ARRIVAL,12984.286,1712,10,22.568,288.957
COMPLETE,13003.405,1702,32,101.613
ARRIVAL,13009.615,1713,30,0.284,239.651
TIMEOUT,13018.819,1685,1
COMPLETE,13020.965,1705,31,102.287
ARRIVAL,13028.819,1714,1,62.198,249.618
ARRIVAL,13030.067,1715,47,17.541,152.691
COMPLETE,13031.316,1707,29,106.121
TIMEOUT,13033.151,1701,41
COMPLETE,13033.930,1690,37,244.736
ARRIVAL,13043.151,1716,41,12.783,114.151
ARRIVAL,13044.596,1717,42,15.802,208.770
TIMEOUT,13054.391,1684,36
COMPLETE,13059.322,1708,15,115.874
ARRIVAL,13062.752,1718,14,7.210,159.047
ARRIVAL,13064.391,1719,36,3.028,123.687
TIMEOUT,13069.082,1709,3
ARRIVAL,13077.057,1720,21,31.743,291.832
TIMEOUT,13077.771,1696,45
ARRIVAL,13079.082,1721,3,35.544,250.233
ARRIVAL,13087.771,1722,45,7.144,159.126
ARRIVAL,13096.459,1723,23,37.053,258.109
COMPLETE,13098.185,1710,2,137.007
ARRIVAL,13101.854,1724,28,55.074,284.871
TIMEOUT,13102.343,1680,49
COMPLETE,13102.627,1713,30,93.012
TIMEOUT,13107.032,1699,16
COMPLETE,13107.587,1700,26,226.211
ARRIVAL,13112.343,1725,49,2.155,246.008
TIMEOUT,13115.142,1683,48
ARRIVAL,13117.032,1726,16,33.508,110.346
ARRIVAL,13117.975,1727,32,38.526,196.055
TIMEOUT,13118.580,1698,34
ARRIVAL,13125.142,1728,48,12.376,223.388
ARRIVAL,13128.580,1729,34,4.501,243.623
TIMEOUT,13129.947,1691,12
COMPLETE,13132.683,1715,47,102.616
COMPLETE,13132.974,1719,36,68.583
TIMEOUT,13133.683,1597,33
TIMEOUT,13137.807,1706,11
ARRIVAL,13139.947,1730,12,26.969,160.515
TIMEOUT,13143.468,1693,38
ARRIVAL,13143.683,1731,33,6.093,198.461
ARRIVAL,13147.807,1732,11,118.283,195.538
COMPLETE,13148.485,1717,42,103.888
COMPLETE,13150.590,1716,41,107.439
ARRIVAL,13153.468,1733,38,26.739,114.666
ARRIVAL,13156.089,1734,35,62.388,245.867
ARRIVAL,13158.932,1735,18,10.746,253.331
TIMEOUT,13161.831,1671,8
ARRIVAL,13162.075,1736,46,6.882,140.887
TIMEOUT,13164.378,1692,17
ARRIVAL,13164.644,1737,22,24.392,297.011
ARRIVAL,13168.113,1738,29,34.027,244.882
COMPLETE,13171.588,1718,14,108.836
ARRIVAL,13171.831,1739,8,19.224,173.360
ARRIVAL,13174.378,1740,17,32.688,250.856
TIMEOUT,13174.620,1694,44
COMPLETE,13181.764,1722,45,93.993
COMPLETE,13184.085,1725,49,71.742
COMPLETE,13184.332,1712,10,200.046
ARRIVAL,13184.620,1741,44,30.795,288.971
COMPLETE,13190.425,1731,33,46.742
COMPLETE,13191.749,1711,19,209.926
COMPLETE,13201.171,1735,18,42.239
COMPLETE,13208.053,1736,46,45.978
ARRIVAL,13213.250,1742,0,44.211,262.059
COMPLETE,13216.143,1728,48,91.002
TIMEOUT,13222.371,1641,6
TIMEOUT,13224.414,1703,39
ARRIVAL,13227.234,1743,15,25.153,142.208
COMPLETE,13228.915,1729,34,100.335
ARRIVAL,13229.222,1744,7,29.312,211.310
ARRIVAL,13232.371,1745,6,21.713,273.217
ARRIVAL,13234.414,1746,39,6.242,105.467
ARRIVAL,13236.430,1747,40,24.391,256.951
COMPLETE,13241.595,1739,8,69.764
ARRIVAL,13270.693,1748,36,37.719,268.687
TIMEOUT,13284.136,1646,5
COMPLETE,13288.036,1746,39,53.622
COMPLETE,13288.187,1720,21,211.129
ARRIVAL,13294.136,1749,5,6.975,275.232
TIMEOUT,13297.644,1726,16
ARRIVAL,13306.827,1750,41,29.919,106.385
ARRIVAL,13307.644,1751,16,5.333,139.787
COMPLETE,13309.302,1723,23,212.843
COMPLETE,13313.289,1743,15,86.055
ARRIVAL,13315.091,1752,47,6.647,242.203
TIMEOUT,13316.170,1727,32
ARRIVAL,13320.866,1753,46,2.856,245.787
ARRIVAL,13322.081,1754,19,53.381,225.817
ARRIVAL,13322.203,1755,10,1.541,126.019
COMPLETE,13322.602,1744,7,93.380
COMPLETE,13323.831,1721,3,244.749
ARRIVAL,13326.170,1756,32,49.416,148.180
COMPLETE,13329.577,1749,5,35.441
COMPLETE,13354.068,1747,40,117.639
TIMEOUT,13356.136,1704,4
TIMEOUT,13356.471,1730,12
COMPLETE,13360.715,1752,47,45.624
COMPLETE,13362.256,1755,10,40.053
TIMEOUT,13363.211,1733,38
ARRIVAL,13365.043,1757,42,48.109,109.132
ARRIVAL,13366.136,1758,4,59.020,183.801
ARRIVAL,13366.471,1759,12,11.118,282.725
ARRIVAL,13366.608,1760,45,17.840,277.831
ARRIVAL,13368.389,1761,34,32.071,199.114
ARRIVAL,13368.421,1762,30,14.778,136.524
COMPLETE,13368.824,1740,17,194.446
COMPLETE,13371.681,1753,46,50.815
COMPLETE,13372.176,1750,41,65.349
ARRIVAL,13373.211,1763,38,26.443,295.859
ARRIVAL,13387.735,1764,27,60.086,133.005
ARRIVAL,13388.043,1765,13,84.648,286.000
ARRIVAL,13388.568,1766,2,54.162,112.782
ARRIVAL,13391.421,1767,33,3.546,190.061
COMPLETE,13397.337,1738,29,229.224
COMPLETE,13408.133,1741,44,223.513
COMPLETE,13409.564,1751,16,101.920
COMPLETE,13413.594,1745,6,181.223
COMPLETE,13413.956,1737,22,249.312
ARRIVAL,13415.627,1768,20,10.458,151.489
TIMEOUT,13420.051,1697,24
TIMEOUT,13422.248,1714,1
TIMEOUT,13423.207,1724,28
COMPLETE,13424.712,1759,12,58.241
ARRIVAL,13430.051,1769,24,29.682,165.587
ARRIVAL,13432.248,1770,1,0.593,170.999
ARRIVAL,13433.207,1771,28,29.202,182.033
COMPLETE,13439.490,1762,30,71.069
COMPLETE,13443.036,1767,33,51.615
ARRIVAL,13450.433,1772,14,15.718,176.492
ARRIVAL,13455.607,1773,39,15.079,155.987
COMPLETE,13461.147,1760,45,94.539
ARRIVAL,13466.875,1774,37,2.854,150.598
ARRIVAL,13468.833,1775,3,49.374,220.558
COMPLETE,13478.865,1748,36,208.172
COMPLETE,13489.323,1768,20,73.696
ARRIVAL,13491.534,1776,31,28.722,162.820
ARRIVAL,13494.323,1777,49,15.543,141.178
COMPLETE,13498.954,1772,14,48.521
COMPLETE,13504.847,1761,34,136.457
TIMEOUT,13513.635,1742,0
COMPLETE,13514.033,1773,39,58.426
ARRIVAL,13514.155,1778,15,7.235,249.917
ARRIVAL,13523.635,1779,0,1.793,295.834
COMPLETE,13525.540,1770,1,93.292
COMPLETE,13527.413,1754,19,205.333
COMPLETE,13531.983,1763,38,158.772
TIMEOUT,13536.829,1756,32
COMPLETE,13544.065,1778,15,29.910
ARRIVAL,13546.829,1780,32,3.513,266.640
ARRIVAL,13552.443,1781,16,57.469,136.055
COMPLETE,13554.936,1774,37,88.061
ARRIVAL,13558.987,1782,18,78.877,290.153
ARRIVAL,13559.396,1783,47,15.148,154.602
COMPLETE,13563.037,1771,28,129.830
ARRIVAL,13570.280,1784,45,28.888,244.094
ARRIVAL,13574.375,1785,30,41.009,145.955
COMPLETE,13574.545,1783,47,15.148
COMPLETE,13578.492,1777,49,84.169
ARRIVAL,13578.911,1786,9,29.242,120.959
ARRIVAL,13580.748,1787,21,12.837,148.791
TIMEOUT,13580.880,1734,35
TIMEOUT,13583.146,1757,42
ARRIVAL,13590.880,1788,35,15.434,227.320
COMPLETE,13591.859,1776,31,100.325
COMPLETE,13592.828,1769,24,162.777
ARRIVAL,13593.146,1789,42,25.656,260.388
TIMEOUT,13599.900,1758,4
COMPLETE,13601.693,1779,0,78.058
ARRIVAL,13609.900,1790,4,24.000,226.538
ARRIVAL,13617.270,1791,17,14.471,284.655
COMPLETE,13625.306,1780,32,78.476
TIMEOUT,13627.090,1766,2
ARRIVAL,13632.448,1792,46,43.415,283.752
ARRIVAL,13637.090,1793,2,8.030,294.680
ARRIVAL,13642.020,1794,36,25.197,294.376
COMPLETE,13643.732,1784,45,73.452
ARRIVAL,13644.135,1795,25,25.512,292.445
COMPLETE,13644.896,1787,21,64.148
ARRIVAL,13646.377,1796,22,16.281,210.910
ARRIVAL,13648.327,1797,12,7.608,247.732
ARRIVAL,13653.005,1798,39,82.793,128.079
COMPLETE,13654.270,1775,3,185.437
ARRIVAL,13658.932,1799,23,24.443,122.283
ARRIVAL,13667.897,1800,29,14.777,138.750
COMPLETE,13669.704,1788,35,78.823
ARRIVAL,13669.796,1801,37,26.791,142.237
COMPLETE,13675.321,1793,2,38.230
ARRIVAL,13683.719,1802,43,37.925,103.872
TIMEOUT,13683.788,1732,11
ARRIVAL,13684.761,1803,34,113.966,185.557
COMPLETE,13689.589,1789,42,96.443
ARRIVAL,13693.788,1804,11,1.403,125.520
COMPLETE,13699.421,1790,4,89.520
TIMEOUT,13703.974,1764,27
COMPLETE,13704.275,1791,17,87.005
TIMEOUT,13713.517,1786,9
ARRIVAL,13713.974,1805,27,4.298,104.787
ARRIVAL,13721.813,1806,20,3.671,164.358
ARRIVAL,13723.517,1807,9,56.593,125.170
TIMEOUT,13724.169,1765,13
COMPLETE,13725.970,1796,22,79.593
COMPLETE,13733.577,1797,12,85.250
ARRIVAL,13734.169,1808,13,17.921,187.792
TIMEOUT,13734.586,1785,30
ARRIVAL,13735.758,1809,5,45.956,158.087
ARRIVAL,13738.606,1810,6,18.216,266.835
ARRIVAL,13744.586,1811,30,18.869,177.927
COMPLETE,13749.363,1800,29,81.466
COMPLETE,13749.781,1795,25,105.646
COMPLETE,13754.080,1805,27,40.106
COMPLETE,13755.119,1804,11,61.331
ARRIVAL,13755.438,1812,41,59.796,251.144
COMPLETE,13759.562,1799,23,100.630
TIMEOUT,13761.643,1781,16
ARRIVAL,13764.622,1813,24,46.279,103.426
COMPLETE,13765.314,1806,20,43.501
ARRIVAL,13771.643,1814,16,9.876,121.095
COMPLETE,13774.661,1794,36,132.641
COMPLETE,13778.431,1811,30,33.844
COMPLETE,13792.205,1801,37,122.410
COMPLETE,13792.877,1810,6,54.270
ARRIVAL,13794.068,1815,35,44.274,178.025
COMPLETE,13796.292,1792,46,163.844
COMPLETE,13797.307,1782,18,238.320
ARRIVAL,13802.864,1816,26,0.946,141.910
COMPLETE,13803.809,1816,26,0.946
COMPLETE,13810.126,1808,13,75.957
ARRIVAL,13812.023,1817,19,41.993,144.975
ARRIVAL,13812.344,1818,49,60.605,145.444
ARRIVAL,13816.047,1819,45,23.233,200.927
ARRIVAL,13816.599,1820,42,5.186,258.510
ARRIVAL,13822.373,1821,14,31.748,185.398
COMPLETE,13824.255,1814,16,52.612
TIMEOUT,13828.051,1802,43
ARRIVAL,13832.153,1822,21,57.255,273.966
ARRIVAL,13832.456,1823,15,42.760,173.156
ARRIVAL,13838.051,1824,43,5.405,285.754
ARRIVAL,13843.253,1825,40,12.343,133.887
ARRIVAL,13846.248,1826,33,1.003,212.885
ARRIVAL,13851.710,1827,47,16.057,221.816
COMPLETE,13862.793,1820,42,46.194
ARRIVAL,13867.495,1828,22,53.214,187.488
ARRIVAL,13869.322,1829,10,2.569,147.814
COMPLETE,13877.758,1824,43,39.707
COMPLETE,13890.101,1825,40,46.848
ARRIVAL,13896.872,1830,1,37.185,284.241
ARRIVAL,13899.575,1831,29,9.248,285.886
TIMEOUT,13904.944,1807,9
COMPLETE,13906.226,1819,45,90.179
ARRIVAL,13912.029,1832,12,22.012,142.041
ARRIVAL,13912.529,1833,44,27.023,239.170
ARRIVAL,13914.944,1834,9,13.649,167.822
COMPLETE,13928.895,1829,10,59.573
ARRIVAL,13930.411,1835,11,16.597,293.764
ARRIVAL,13933.373,1836,46,173.579,150.541
ARRIVAL,13936.952,1837,17,2.983,139.926
ARRIVAL,13945.302,1838,38,3.769,191.257
COMPLETE,13945.858,1826,33,99.610
COMPLETE,13947.555,1822,21,115.402
COMPLETE,13948.691,1812,41,193.253
ARRIVAL,13950.386,1839,27,9.430,264.433
ARRIVAL,13951.830,1840,26,50.857,289.593
TIMEOUT,13954.970,1813,24
ARRIVAL,13956.560,1841,7,3.711,127.040
COMPLETE,13961.915,1827,47,110.205
ARRIVAL,13964.970,1842,24,44.884,253.238
TIMEOUT,13967.871,1809,5
COMPLETE,13970.415,1823,15,137.959
COMPLETE,13974.492,1831,29,74.917
ARRIVAL,13975.297,1843,8,9.861,131.961
ARRIVAL,13977.871,1844,5,17.879,161.130
ARRIVAL,13982.100,1845,25,56.379,246.922
COMPLETE,13987.012,1835,11,56.601
COMPLETE,13988.141,1834,9,73.197
TIMEOUT,13992.415,1815,35
COMPLETE,13998.153,1837,17,61.201
ARRIVAL,14000.143,1846,6,8.965,156.034
ARRIVAL,14002.415,1847,35,71.324,145.664
ARRIVAL,14010.394,1848,13,76.128,171.403
COMPLETE,14010.882,1838,38,65.580
COMPLETE,14012.893,1832,12,100.864
TIMEOUT,14019.819,1821,14
COMPLETE,14021.946,1839,27,71.560
TIMEOUT,14022.611,1798,39
COMPLETE,14022.754,1843,8,47.457
COMPLETE,14025.276,1833,44,112.747
COMPLETE,14025.656,1841,7,69.096
ARRIVAL,14029.819,1849,14,52.288,271.918
ARRIVAL,14032.611,1850,39,77.136,216.683
COMPLETE,14038.490,1828,22,170.995
COMPLETE,14040.633,1844,5,62.762
COMPLETE,14042.841,1830,1,145.969
TIMEOUT,14044.705,1817,19
COMPLETE,14047.455,1846,6,47.313
ARRIVAL,14054.705,1851,19,88.995,218.730
ARRIVAL,14057.075,1852,36,203.299,119.494
TIMEOUT,14063.546,1818,49
ARRIVAL,14066.913,1853,45,54.342,221.444
ARRIVAL,14070.325,1854,37,3.475,192.945
ARRIVAL,14073.546,1855,49,72.260,188.280
ARRIVAL,14076.594,1856,47,81.565,121.099
ARRIVAL,14087.593,1857,10,0.616,202.703
ARRIVAL,14088.043,1858,15,125.319,294.204
ARRIVAL,14101.610,1859,43,10.360,294.949
ARRIVAL,14102.035,1860,3,4.766,158.206
COMPLETE,14104.408,1854,37,34.083
ARRIVAL,14108.648,1861,31,73.716,149.676
ARRIVAL,14111.314,1862,48,19.384,123.921
ARRIVAL,14117.200,1863,21,14.572,157.229
ARRIVAL,14117.493,1864,9,74.293,110.816
COMPLETE,14120.125,1845,25,138.024
COMPLETE,14120.741,1857,10,33.148
ARRIVAL,14122.188,1865,0,44.157,270.363
ARRIVAL,14124.802,1866,17,0.117,241.051
ARRIVAL,14135.593,1867,8,92.113,194.170
TIMEOUT,14139.071,1803,34
ARRIVAL,14147.727,1868,16,24.174,207.349
ARRIVAL,14149.071,1869,34,33.480,275.027
COMPLETE,14152.839,1842,24,187.870
ARRIVAL,14158.409,1870,27,1.346,115.515
ARRIVAL,14160.323,1871,23,16.905,131.255
COMPLETE,14163.199,1859,43,61.590
COMPLETE,14169.474,1860,3,67.439
COMPLETE,14175.512,1863,21,58.313
COMPLETE,14183.417,1866,17,58.615
COMPLETE,14190.127,1840,26,238.297
ARRIVAL,14203.055,1872,44,16.160,172.280
COMPLETE,14209.511,1862,48,98.198
COMPLETE,14217.058,1870,27,58.650
COMPLETE,14242.062,1849,14,212.243
ARRIVAL,14250.405,1873,25,8.303,158.175
ARRIVAL,14265.808,1874,33,10.291,284.650
COMPLETE,14279.977,1872,44,76.922
ARRIVAL,14281.079,1875,37,28.148,179.035
ARRIVAL,14281.818,1876,3,28.821,277.091
ARRIVAL,14284.567,1877,30,6.052,233.402
ARRIVAL,14286.597,1878,7,2.086,165.464
COMPLETE,14286.716,1871,23,126.393
ARRIVAL,14286.984,1879,21,66.091,286.364
TIMEOUT,14289.619,1855,49
ARRIVAL,14295.793,1880,26,27.721,275.613
ARRIVAL,14296.258,1881,41,76.503,182.802
COMPLETE,14297.921,1873,25,47.517
ARRIVAL,14299.619,1882,49,12.131,297.801
COMPLETE,14304.250,1868,16,156.523
TIMEOUT,14315.574,1847,35
ARRIVAL,14325.574,1883,35,5.699,244.134
ARRIVAL,14330.872,1884,24,53.635,216.141
TIMEOUT,14332.711,1850,39
COMPLETE,14334.797,1878,7,48.200
ARRIVAL,14342.711,1885,39,5.280,184.419
COMPLETE,14356.042,1869,34,206.971
ARRIVAL,14360.692,1886,2,5.909,176.488
TIMEOUT,14361.358,1853,45
ARRIVAL,14362.120,1887,4,11.185,187.685
ARRIVAL,14365.741,1888,12,4.746,287.687
COMPLETE,14366.333,1874,33,100.525
COMPLETE,14367.028,1882,49,67.409
COMPLETE,14367.410,1877,30,82.843
ARRIVAL,14371.358,1889,45,36.221,281.386
ARRIVAL,14381.222,1890,11,43.541,238.513
TIMEOUT,14383.538,1848,13
COMPLETE,14389.237,1883,35,63.663
ARRIVAL,14392.668,1891,29,22.167,100.641
ARRIVAL,14393.538,1892,13,17.417,180.897
ARRIVAL,14411.399,1893,1,6.514,127.314
ARRIVAL,14417.463,1894,43,63.486,240.655
COMPLETE,14418.413,1887,4,56.292
TIMEOUT,14427.408,1851,19
TIMEOUT,14430.790,1865,0
ARRIVAL,14433.066,1895,38,57.376,191.206
ARRIVAL,14437.408,1896,19,174.811,126.351
ARRIVAL,14440.790,1897,0,5.862,154.225
COMPLETE,14443.901,1885,39,101.190
COMPLETE,14452.049,1875,37,170.970
COMPLETE,14454.283,1888,12,88.542
COMPLETE,14456.799,1886,2,96.107
COMPLETE,14464.925,1892,13,71.387
ARRIVAL,14466.343,1898,22,16.766,130.004
TIMEOUT,14468.576,1864,9
ARRIVAL,14478.576,1899,9,26.926,265.571
ARRIVAL,14480.650,1900,18,8.382,109.543
COMPLETE,14480.969,1876,3,199.151
ARRIVAL,14482.155,1901,40,1.177,216.901
ARRIVAL,14483.963,1902,33,4.409,296.825
COMPLETE,14484.620,1880,26,188.827
ARRIVAL,14484.688,1903,16,113.208,214.909
COMPLETE,14491.540,1893,1,80.140
ARRIVAL,14496.726,1904,32,4.099,289.776
TIMEOUT,14498.335,1861,31
ARRIVAL,14508.335,1905,31,3.515,133.162
ARRIVAL,14511.145,1906,7,35.975,124.196
ARRIVAL,14512.355,1907,20,7.363,114.776
TIMEOUT,14513.806,1891,29
ARRIVAL,14518.826,1908,27,1.156,205.044
ARRIVAL,14520.009,1909,4,36.070,148.257
ARRIVAL,14521.307,1910,10,8.781,131.326
ARRIVAL,14523.806,1911,29,126.840,158.220
ARRIVAL,14524.130,1912,49,39.882,241.183
COMPLETE,14524.298,1897,0,83.508
TIMEOUT,14525.863,1856,47
ARRIVAL,14530.491,1913,23,19.578,262.896
COMPLETE,14530.573,1898,22,64.230
TIMEOUT,14533.282,1867,8
COMPLETE,14534.982,1902,33,51.019
ARRIVAL,14535.863,1914,47,25.908,161.921
ARRIVAL,14536.006,1915,30,5.403,299.882
ARRIVAL,14543.282,1916,8,39.605,217.442
COMPLETE,14550.062,1904,32,53.336
COMPLETE,14557.358,1900,18,76.708
COMPLETE,14558.535,1901,40,76.380
COMPLETE,14561.173,1879,21,274.189
COMPLETE,14569.603,1889,45,198.245
COMPLETE,14571.318,1908,27,52.492
TIMEOUT,14572.170,1884,24
ARRIVAL,14582.170,1917,24,3.565,153.192
COMPLETE,14593.218,1905,31,84.883
ARRIVAL,14597.882,1918,3,42.036,243.724
ARRIVAL,14599.570,1919,5,2.369,282.536
COMPLETE,14599.632,1907,20,87.277
ARRIVAL,14601.688,1920,25,38.068,225.023
ARRIVAL,14602.842,1921,37,14.095,137.665
ARRIVAL,14607.073,1922,42,11.924,195.037
COMPLETE,14608.414,1910,10,87.107
ARRIVAL,14617.008,1923,35,9.991,200.184
COMPLETE,14620.951,1913,23,90.459
COMPLETE,14626.353,1915,30,90.347
ARRIVAL,14631.708,1924,34,76.937,113.896
ARRIVAL,14634.899,1925,22,63.433,164.028
COMPLETE,14635.440,1899,9,156.864
ARRIVAL,14640.883,1926,33,6.719,254.114
TIMEOUT,14645.197,1836,46
ARRIVAL,14649.581,1927,2,14.538,236.222
ARRIVAL,14655.197,1928,46,26.737,104.761
ARRIVAL,14657.275,1929,17,70.281,134.629
TIMEOUT,14658.836,1858,15
ARRIVAL,14658.960,1930,1,4.982,206.664
TIMEOUT,14662.378,1890,11
TIMEOUT,14662.573,1895,38
COMPLETE,14664.747,1919,5,65.177
COMPLETE,14666.139,1917,24,83.969
ARRIVAL,14667.443,1931,21,14.165,127.943
COMPLETE,14667.464,1922,42,60.391
ARRIVAL,14668.836,1932,15,17.797,114.599
ARRIVAL,14672.378,1933,11,6.990,296.341
ARRIVAL,14672.573,1934,38,12.416,280.288
COMPLETE,14677.455,1923,35,60.447
TIMEOUT,14680.721,1906,7
ARRIVAL,14681.297,1935,18,11.956,133.775
COMPLETE,14686.021,1912,49,161.891
ARRIVAL,14690.721,1936,7,67.573,140.888
TIMEOUT,14697.224,1881,41
COMPLETE,14700.115,1921,37,97.273
TIMEOUT,14702.723,1909,4
TIMEOUT,14706.023,1914,47
ARRIVAL,14707.224,1937,41,90.253,295.244
COMPLETE,14712.092,1927,2,62.511
ARRIVAL,14712.723,1938,4,10.421,185.985
ARRIVAL,14716.023,1939,47,0.497,232.529
COMPLETE,14725.628,1916,8,182.346
COMPLETE,14732.347,1926,33,91.464
ARRIVAL,14735.832,1940,28,7.650,198.446
ARRIVAL,14737.769,1941,44,19.226,233.797
COMPLETE,14744.763,1934,38,72.190
ARRIVAL,14750.556,1942,45,31.371,200.538
COMPLETE,14757.274,1930,1,98.314
COMPLETE,14764.264,1933,11,91.886
COMPLETE,14765.360,1939,47,49.337
TIMEOUT,14766.509,1894,43
COMPLETE,14769.480,1935,18,88.183
ARRIVAL,14770.650,1943,10,18.381,284.699
ARRIVAL,14775.936,1944,24,96.120,238.672
ARRIVAL,14776.361,1945,42,89.873,112.530
ARRIVAL,14776.509,1946,43,5.106,267.258
COMPLETE,14780.674,1931,21,113.231
ARRIVAL,14796.224,1947,27,17.117,244.590
TIMEOUT,14798.471,1932,15
COMPLETE,14800.001,1938,4,87.277
COMPLETE,14803.841,1943,10,33.192
ARRIVAL,14805.070,1948,32,23.951,268.783
ARRIVAL,14808.471,1949,15,46.007,119.956
ARRIVAL,14809.388,1950,12,5.136,268.964
COMPLETE,14812.114,1940,28,76.282
ARRIVAL,14814.151,1951,48,1.322,248.786
ARRIVAL,14814.465,1952,5,73.652,264.341
ARRIVAL,14816.554,1953,23,28.854,196.025
COMPLETE,14831.339,1941,44,93.570
ARRIVAL,14833.785,1954,31,36.066,251.409
ARRIVAL,14836.367,1955,40,6.895,116.414
TIMEOUT,14836.639,1920,25
ARRIVAL,14840.503,1956,37,87.880,191.510
ARRIVAL,14846.639,1957,25,5.260,151.288
ARRIVAL,14854.240,1958,6,19.046,199.501
COMPLETE,14861.159,1947,27,64.934
ARRIVAL,14865.268,1959,35,3.029,121.281
TIMEOUT,14867.037,1928,46
ARRIVAL,14877.037,1960,46,3.912,285.452
ARRIVAL,14881.406,1961,2,84.515,234.826
COMPLETE,14881.945,1946,43,105.436
TIMEOUT,14883.981,1918,3
COMPLETE,14886.395,1950,12,77.007
COMPLETE,14887.717,1951,48,73.566
COMPLETE,14890.876,1955,40,54.509
ARRIVAL,14892.450,1962,18,18.965,106.104
ARRIVAL,14892.452,1963,1,87.812,203.005
ARRIVAL,14893.371,1964,8,38.618,187.722
ARRIVAL,14893.981,1965,3,23.840,230.609
ARRIVAL,14894.676,1966,13,91.201,131.692
COMPLETE,14896.136,1957,25,49.497
ARRIVAL,14898.888,1967,49,5.779,241.041
COMPLETE,14915.182,1958,6,60.941
ARRIVAL,14940.336,1968,9,6.568,165.473
ARRIVAL,14949.112,1969,0,12.494,125.070
COMPLETE,14951.929,1960,46,74.892
ARRIVAL,14967.349,1970,28,14.020,149.952
ARRIVAL,14970.355,1971,20,5.805,218.815
ARRIVAL,14978.171,1972,27,73.185,160.468
ARRIVAL,14978.882,1973,47,1.218,237.905
TIMEOUT,14978.908,1942,45
COMPLETE,14981.937,1959,35,116.670
ARRIVAL,14988.908,1974,45,2.705,245.618
COMPLETE,15001.360,1967,49,102.472
TIMEOUT,15018.297,1924,34
COMPLETE,15028.296,1954,31,194.511
ARRIVAL,15028.297,1975,34,94.435,227.425
TIMEOUT,15031.505,1903,16
COMPLETE,15034.863,1968,9,94.527
ARRIVAL,15039.776,1976,14,46.959,290.714
ARRIVAL,15041.505,1977,16,76.631,148.089
TIMEOUT,15045.117,1937,41
COMPLETE,15045.525,1970,28,78.176
TIMEOUT,15045.670,1925,22
ARRIVAL,15051.168,1978,33,76.630,296.569
TIMEOUT,15051.304,1962,18
COMPLETE,15051.330,1971,20,80.975
ARRIVAL,15055.117,1979,41,69.317,237.495
COMPLETE,15055.255,1948,32,250.185
ARRIVAL,15055.670,1980,22,52.697,222.650
COMPLETE,15057.611,1969,0,108.499
ARRIVAL,15061.304,1981,18,29.066,291.293
TIMEOUT,15063.618,1949,15
COMPLETE,15064.836,1973,47,85.954
ARRIVAL,15073.618,1982,15,5.710,114.247
ARRIVAL,15081.976,1983,38,44.182,269.275
TIMEOUT,15083.455,1964,8
TIMEOUT,15084.209,1953,23
ARRIVAL,15084.830,1984,25,2.126,156.350
COMPLETE,15088.574,1974,45,99.666
ARRIVAL,15093.455,1985,8,36.942,119.048
ARRIVAL,15094.209,1986,23,51.729,173.097
TIMEOUT,15094.491,1929,17
ARRIVAL,15094.756,1987,12,55.001,282.571
TIMEOUT,15097.790,1852,36
ARRIVAL,15104.491,1988,17,44.680,247.186
ARRIVAL,15107.790,1989,36,7.050,143.819
COMPLETE,15112.515,1965,3,218.534
ARRIVAL,15122.968,1990,49,40.244,288.808
ARRIVAL,15139.832,1991,4,77.152,178.222
TIMEOUT,15140.188,1936,7
ARRIVAL,15150.188,1992,7,74.840,202.522
ARRIVAL,15157.622,1993,39,10.921,183.179
ARRIVAL,15158.877,1994,6,99.483,188.518
COMPLETE,15160.216,1984,25,75.386
ARRIVAL,15164.588,1995,30,9.346,163.558
ARRIVAL,15180.807,1996,28,27.306,174.998
ARRIVAL,15192.904,1997,47,23.174,191.750
TIMEOUT,15193.827,1945,42
TIMEOUT,15197.740,1982,15
ARRIVAL,15199.890,1998,9,1.948,111.366
ARRIVAL,15203.827,1999,42,12.068,238.463
ARRIVAL,15207.740,2000,15,54.595,161.471
TIMEOUT,15215.227,1896,19
COMPLETE,15220.978,1989,36,113.188
ARRIVAL,15225.227,2001,19,7.687,255.029
COMPLETE,15246.248,1993,39,88.626
ARRIVAL,15250.828,2002,26,6.366,207.331
TIMEOUT,15259.899,1952,5
TIMEOUT,15267.628,1911,29
ARRIVAL,15269.899,2003,5,5.061,274.739
ARRIVAL,15274.602,2004,48,16.428,192.670
COMPLETE,15276.973,1995,30,112.385
ARRIVAL,15277.628,2005,29,54.831,255.739
ARRIVAL,15280.486,2006,10,43.067,282.796
ARRIVAL,15284.867,2007,31,41.731,216.090
ARRIVAL,15287.561,2008,46,10.265,213.747
COMPLETE,15290.343,1981,18,229.039
TIMEOUT,15312.392,1998,9
ARRIVAL,15315.975,2009,3,20.969,283.100
ARRIVAL,15322.392,2010,9,42.815,206.147
ARRIVAL,15337.196,2011,40,17.418,122.581
COMPLETE,15340.179,2001,19,114.952
COMPLETE,15350.508,1999,42,146.681
TIMEOUT,15353.393,1944,24
ARRIVAL,15363.393,2012,24,24.875,203.505
ARRIVAL,15372.272,2013,35,17.878,209.224
ARRIVAL,15384.020,2014,20,7.407,137.983
COMPLETE,15386.865,2002,26,136.037
TIMEOUT,15387.551,1985,8
COMPLETE,15391.926,2003,5,122.027
TIMEOUT,15393.076,1980,22
ARRIVAL,15397.551,2015,8,51.569,179.085
ARRIVAL,15403.076,2016,22,47.259,259.659
COMPLETE,15410.021,2004,48,135.419
TIMEOUT,15414.610,1976,14
TIMEOUT,15423.756,1986,23
ARRIVAL,15424.610,2017,14,2.781,200.968
ARRIVAL,15426.895,2018,45,21.443,220.259
TIMEOUT,15426.930,1997,47
TIMEOUT,15428.177,1987,12
TIMEOUT,15431.444,1961,2
ARRIVAL,15433.756,2019,23,20.370,206.029
TIMEOUT,15434.303,1983,38
ARRIVAL,15436.012,2020,18,32.659,291.074
ARRIVAL,15436.930,2021,47,8.714,135.710
ARRIVAL,15438.177,2022,12,8.464,113.314
ARRIVAL,15439.539,2023,0,91.616,262.579
ARRIVAL,15441.444,2024,2,2.437,156.713
TIMEOUT,15441.609,1996,28
ARRIVAL,15444.303,2025,38,4.063,221.395
ARRIVAL,15445.172,2026,11,75.046,103.771
ARRIVAL,15445.172,2027,36,22.014,178.970
TIMEOUT,15449.489,1956,37
ARRIVAL,15451.609,2028,28,64.556,151.539
TIMEOUT,15452.957,1988,17
ARRIVAL,15459.489,2029,37,4.759,216.098
TIMEOUT,15462.622,1963,1
ARRIVAL,15462.957,2030,17,74.272,262.140
COMPLETE,15463.222,2008,46,175.662
TIMEOUT,15463.466,1990,49
ARRIVAL,15463.651,2031,43,24.090,281.257
ARRIVAL,15472.622,2032,1,20.086,236.687
ARRIVAL,15473.466,2033,49,17.448,122.025
TIMEOUT,15480.096,1978,33
ARRIVAL,15484.779,2034,19,27.626,215.203
COMPLETE,15487.504,2014,20,103.483
TIMEOUT,15489.063,2011,40
ARRIVAL,15490.096,2035,33,0.543,101.195
ARRIVAL,15491.275,2036,42,28.646,116.556
TIMEOUT,15495.906,1972,27
ARRIVAL,15499.063,2037,40,39.691,215.964
ARRIVAL,15505.906,2038,27,2.223,189.143
COMPLETE,15506.941,2013,35,134.669
TIMEOUT,15527.208,1966,13
ARRIVAL,15528.655,2039,5,7.011,208.190
COMPLETE,15529.822,2017,14,105.212
ARRIVAL,15537.208,2040,13,26.204,147.745
COMPLETE,15550.240,2024,2,108.796
COMPLETE,15558.703,2021,47,121.774
TIMEOUT,15563.938,1977,16
TIMEOUT,15567.167,2022,12
TIMEOUT,15573.255,1979,41
ARRIVAL,15573.938,2041,16,21.097,191.879
ARRIVAL,15577.167,2042,12,23.110,245.344
COMPLETE,15577.318,2025,38,133.015
COMPLETE,15578.287,2009,3,262.312
ARRIVAL,15582.187,2043,32,32.519,117.792
ARRIVAL,15583.255,2044,41,9.005,137.891
TIMEOUT,15584.617,2000,15
ARRIVAL,15593.510,2045,46,6.544,173.467
ARRIVAL,15594.617,2046,15,4.417,179.357
TIMEOUT,15601.769,1991,4
TIMEOUT,15603.263,2012,24
ARRIVAL,15607.789,2047,48,2.870,133.578
ARRIVAL,15611.769,2048,4,29.584,172.055
ARRIVAL,15613.263,2049,24,27.713,185.352
COMPLETE,15615.299,2029,37,155.810
TIMEOUT,15618.366,2006,10
COMPLETE,15618.736,2019,23,184.980
TIMEOUT,15620.467,2007,31
TIMEOUT,15620.711,2033,49
TIMEOUT,15621.011,2035,33
TIMEOUT,15621.802,1975,34
ARRIVAL,15628.366,2050,10,15.356,238.789
ARRIVAL,15630.467,2051,31,18.542,239.251
ARRIVAL,15630.711,2052,49,5.224,248.776
ARRIVAL,15631.011,2053,33,14.688,197.443
ARRIVAL,15631.802,2054,34,4.839,198.246
TIMEOUT,15636.642,1992,7
TIMEOUT,15643.124,2027,36
ARRIVAL,15646.642,2055,7,6.657,237.581
ARRIVAL,15653.124,2056,36,9.443,285.107
ARRIVAL,15657.568,2057,25,26.420,184.854
COMPLETE,15667.921,2039,5,139.266
COMPLETE,15669.768,2045,46,76.258
TIMEOUT,15671.573,2005,29
COMPLETE,15674.185,2046,15,79.568
COMPLETE,15677.055,2047,48,69.266
ARRIVAL,15681.573,2058,29,16.851,232.056
TIMEOUT,15683.612,2018,45
ARRIVAL,15690.525,2059,39,23.059,276.464
ARRIVAL,15693.612,2060,45,6.255,254.771
COMPLETE,15693.895,2038,27,187.989
COMPLETE,15696.271,2020,18,260.258
ARRIVAL,15709.574,2061,47,0.269,135.659
COMPLETE,15712.211,2031,43,248.560
COMPLETE,15712.510,2050,10,84.145
TIMEOUT,15716.810,2010,9
ARRIVAL,15719.977,2062,35,36.189,167.155
TIMEOUT,15721.216,2044,41
ARRIVAL,15726.810,2063,9,5.081,293.875
ARRIVAL,15731.216,2064,41,32.212,210.091
COMPLETE,15735.352,2051,31,104.885
COMPLETE,15740.576,2052,49,109.865
ARRIVAL,15746.668,2065,26,9.361,185.685
COMPLETE,15747.299,2053,33,116.288
TIMEOUT,15748.575,2016,22
TIMEOUT,15752.144,2015,8
TIMEOUT,15756.657,2032,1
ARRIVAL,15758.575,2066,22,65.061,142.067
COMPLETE,15761.588,2056,36,108.464
ARRIVAL,15762.144,2067,8,34.703,257.184
ARRIVAL,15766.657,2068,1,28.237,287.017
TIMEOUT,15768.266,2037,40
TIMEOUT,15770.233,2036,42
COMPLETE,15773.105,2054,34,141.302
COMPLETE,15774.055,2055,7,127.413
TIMEOUT,15776.140,1994,6
COMPLETE,15776.489,2060,45,82.877
ARRIVAL,15778.266,2069,40,83.249,124.880
TIMEOUT,15779.309,2040,13
ARRIVAL,15780.233,2070,42,0.673,198.810
TIMEOUT,15780.406,2041,16
TIMEOUT,15783.766,2034,19
ARRIVAL,15786.140,2071,6,12.708,142.241
ARRIVAL,15789.309,2072,13,5.945,241.886
ARRIVAL,15790.406,2073,16,23.282,143.949
ARRIVAL,15792.788,2074,2,5.987,251.643
ARRIVAL,15793.766,2075,19,11.881,276.928
ARRIVAL,15794.200,2076,30,11.772,143.479
ARRIVAL,15801.375,2077,37,14.130,268.103
COMPLETE,15804.135,2061,47,94.561
COMPLETE,15807.245,2042,12,230.077
TIMEOUT,15808.218,2049,24
COMPLETE,15811.007,2058,29,129.434
ARRIVAL,15812.968,2078,38,71.518,237.201
ARRIVAL,15815.061,2079,43,4.182,182.081
ARRIVAL,15816.043,2080,14,0.577,245.467
COMPLETE,15817.579,2065,26,70.911
ARRIVAL,15818.218,2081,24,0.733,117.009
TIMEOUT,15819.763,2043,32
TIMEOUT,15820.590,2048,4
COMPLETE,15825.671,2063,9,98.861
ARRIVAL,15829.763,2082,32,41.102,252.464
ARRIVAL,15830.590,2083,4,36.166,281.929
ARRIVAL,15832.757,2084,21,53.039,227.837
ARRIVAL,15839.991,2085,3,4.593,259.443
ARRIVAL,15840.228,2086,27,55.489,201.834
TIMEOUT,15840.717,2026,11
ARRIVAL,15841.352,2087,20,0.831,112.763
ARRIVAL,15850.717,2088,11,26.781,117.592
COMPLETE,15852.572,2071,6,66.432
COMPLETE,15857.561,2070,42,77.328
COMPLETE,15863.506,2072,13,74.198
TIMEOUT,15865.372,2028,28
COMPLETE,15866.702,2077,37,65.327
COMPLETE,15869.493,2074,2,76.705
COMPLETE,15869.660,2075,19,75.894
COMPLETE,15869.761,2059,39,179.236
COMPLETE,15870.495,2081,24,52.276
TIMEOUT,15871.792,2057,25
ARRIVAL,15875.372,2089,28,9.794,159.297
ARRIVAL,15880.810,2090,33,33.184,231.498
ARRIVAL,15881.792,2091,25,34.473,194.784
COMPLETE,15883.565,2076,30,89.365
COMPLETE,15885.848,2062,35,165.871
COMPLETE,15888.158,2085,3,48.167
COMPLETE,15890.030,2079,43,74.969
COMPLETE,15890.608,2080,14,74.564
ARRIVAL,15897.614,2092,44,4.167,180.942
ARRIVAL,15905.380,2093,23,3.968,207.477
ARRIVAL,15909.166,2094,48,59.661,125.565
ARRIVAL,15911.864,2095,18,5.107,240.528
COMPLETE,15916.495,2068,1,149.838
COMPLETE,15921.906,2064,41,190.690
TIMEOUT,15924.967,2030,17
COMPLETE,15925.798,2087,20,84.446
COMPLETE,15926.288,2089,28,50.916
ARRIVAL,15934.967,2096,17,103.505,111.307
ARRIVAL,15937.650,2097,26,13.315,255.063
ARRIVAL,15939.405,2098,9,1.599,104.124
COMPLETE,15953.169,2088,11,102.452
TIMEOUT,15954.190,2073,16
COMPLETE,15956.709,2067,8,194.564
ARRIVAL,15964.190,2099,16,11.504,169.931
ARRIVAL,15968.114,2100,47,11.308,162.355
TIMEOUT,15968.325,2023,0
COMPLETE,15972.492,2092,44,74.878
COMPLETE,15976.460,2093,23,71.080
ARRIVAL,15978.325,2101,0,31.925,291.645
COMPLETE,15982.164,2083,4,151.573
COMPLETE,15986.453,2090,33,105.643
ARRIVAL,15987.079,2102,5,2.217,152.777
COMPLETE,15987.270,2095,18,75.406
COMPLETE,15988.869,2098,9,49.464
ARRIVAL,15989.618,2103,45,2.286,192.957
ARRIVAL,15992.597,2104,36,37.947,133.498
ARRIVAL,15993.037,2105,19,8.010,266.709
COMPLETE,15997.760,2100,47,29.646
COMPLETE,16003.342,2091,25,121.550
COMPLETE,16007.705,2097,26,70.055
COMPLETE,16014.846,2099,16,50.656
COMPLETE,16015.948,2082,32,186.184
ARRIVAL,16027.173,2106,13,18.595,135.309
ARRIVAL,16034.801,2107,49,32.036,265.470
COMPLETE,16040.246,2103,45,50.629
COMPLETE,16040.844,2084,21,208.086
COMPLETE,16043.061,2102,5,55.982
ARRIVAL,16051.273,2108,28,13.853,173.258
ARRIVAL,16051.307,2109,3,3.466,232.611
ARRIVAL,16053.169,2110,7,23.882,103.833
ARRIVAL,16057.142,2111,35,6.240,258.451
TIMEOUT,16059.907,2094,48
ARRIVAL,16060.416,2112,8,8.207,166.261
COMPLETE,16065.126,2108,28,13.853
COMPLETE,16068.592,2109,3,17.285
ARRIVAL,16069.907,2113,48,10.488,298.201
COMPLETE,16071.171,2105,19,78.135
COMPLETE,16078.502,2106,13,51.329
ARRIVAL,16079.769,2114,10,23.695,276.628
ARRIVAL,16080.629,2115,30,47.787,175.756
ARRIVAL,16081.778,2116,24,52.823,256.914
ARRIVAL,16084.342,2117,12,44.773,108.589
ARRIVAL,16089.964,2118,39,65.871,191.284
COMPLETE,16090.427,2101,0,112.102
ARRIVAL,16101.573,2119,37,7.816,277.847
TIMEOUT,16102.121,2066,22
ARRIVAL,16102.523,2120,9,31.025,292.247
TIMEOUT,16106.760,2086,27
ARRIVAL,16107.350,2121,41,10.608,188.598
ARRIVAL,16112.121,2122,22,14.924,278.586
COMPLETE,16112.258,2119,37,10.685
TIMEOUT,16113.639,2078,38
COMPLETE,16114.967,2112,8,54.551
ARRIVAL,16116.760,2123,27,117.922,167.611
COMPLETE,16116.767,2111,35,59.625
ARRIVAL,16123.639,2124,38,4.539,119.824
COMPLETE,16124.127,2113,48,54.220
TIMEOUT,16132.913,2104,36
TIMEOUT,16136.162,2069,40
ARRIVAL,16142.913,2125,36,1.243,211.745
ARRIVAL,16146.162,2126,40,36.277,223.689
COMPLETE,16147.476,2121,41,40.126
COMPLETE,16151.358,2110,7,98.188
ARRIVAL,16151.851,2127,23,4.636,106.513
ARRIVAL,16158.672,2128,4,43.534,280.824
COMPLETE,16160.898,2127,23,9.047
COMPLETE,16167.382,2122,22,55.261
COMPLETE,16171.921,2124,38,48.282
ARRIVAL,16172.853,2129,47,24.390,250.049
ARRIVAL,16176.435,2130,34,25.430,275.088
ARRIVAL,16176.448,2131,43,40.399,187.101
ARRIVAL,16177.397,2132,42,182.475,149.232
COMPLETE,16182.946,2120,9,80.423
COMPLETE,16184.190,2125,36,41.276
COMPLETE,16188.963,2117,12,104.621
ARRIVAL,16205.463,2133,1,10.350,286.052
ARRIVAL,16212.951,2134,29,4.448,289.124
COMPLETE,16216.563,2107,49,181.762
ARRIVAL,16222.360,2135,13,43.116,249.387
COMPLETE,16234.593,2130,34,58.158
COMPLETE,16240.358,2114,10,160.589
COMPLETE,16248.034,2126,40,101.872
ARRIVAL,16254.597,2136,31,37.933,213.392
COMPLETE,16255.092,2131,43,78.644
COMPLETE,16258.384,2133,1,52.922
COMPLETE,16264.255,2118,39,174.292
COMPLETE,16268.703,2134,29,55.753
ARRIVAL,16268.854,2137,46,38.251,109.826
COMPLETE,16273.094,2129,47,100.241
ARRIVAL,16284.242,2138,48,31.184,246.010
COMPLETE,16307.204,2137,46,38.351
ARRIVAL,16322.325,2139,32,54.202,165.329
COMPLETE,16325.232,2128,4,166.559
TIMEOUT,16328.546,2115,30
ARRIVAL,16328.858,2140,14,35.312,159.427
ARRIVAL,16330.031,2141,0,6.388,100.925
ARRIVAL,16331.455,2142,19,12.004,126.499
ARRIVAL,16338.546,2143,30,66.744,107.405
TIMEOUT,16341.368,2116,24
ARRIVAL,16344.071,2144,6,2.317,170.997
COMPLETE,16351.275,2144,6,7.203
ARRIVAL,16351.368,2145,24,2.799,215.046
COMPLETE,16366.587,2140,14,37.729
COMPLETE,16369.386,2145,24,18.017
COMPLETE,16383.365,2136,31,128.768
TIMEOUT,16385.073,2096,17
ARRIVAL,16386.007,2146,33,29.941,244.761
ARRIVAL,16389.781,2147,49,26.326,165.062
COMPLETE,16391.461,2141,0,61.430
ARRIVAL,16395.073,2148,17,22.053,189.141
ARRIVAL,16395.101,2149,16,17.532,178.937
ARRIVAL,16396.602,2150,2,26.801,148.459
COMPLETE,16402.645,2138,48,118.403
COMPLETE,16405.761,2135,13,183.401
ARRIVAL,16407.275,2151,21,92.814,292.353
ARRIVAL,16407.345,2152,26,35.822,254.583
ARRIVAL,16411.359,2153,40,19.938,107.086
COMPLETE,16415.469,2142,19,84.014
ARRIVAL,16433.482,2154,22,23.218,236.924
ARRIVAL,16434.392,2155,41,73.688,100.746
ARRIVAL,16438.685,2156,10,10.797,193.651
COMPLETE,16443.267,2152,26,35.922
ARRIVAL,16444.729,2157,36,50.273,102.554
COMPLETE,16447.513,2149,16,52.412
ARRIVAL,16448.245,2158,25,62.215,274.077
ARRIVAL,16451.803,2159,7,36.203,117.414
COMPLETE,16466.585,2154,22,33.103
ARRIVAL,16472.192,2160,37,12.205,152.595
TIMEOUT,16473.590,2123,27
ARRIVAL,16476.837,2161,14,66.486,228.615
ARRIVAL,16480.971,2162,35,4.073,103.846
ARRIVAL,16483.590,2163,27,2.633,282.979
ARRIVAL,16485.029,2164,23,19.667,184.669
COMPLETE,16486.223,2163,27,2.633
COMPLETE,16494.040,2147,49,104.259
ARRIVAL,16497.835,2165,34,3.873,146.130
COMPLETE,16505.890,2164,23,20.861
ARRIVAL,16508.404,2166,12,5.103,226.872
ARRIVAL,16510.150,2167,46,2.536,255.527
ARRIVAL,16512.449,2168,5,3.457,248.068
ARRIVAL,16512.986,2169,47,42.123,192.972
COMPLETE,16513.977,2153,40,102.618
COMPLETE,16516.030,2148,17,120.957
ARRIVAL,16524.330,2170,31,50.763,173.623
ARRIVAL,16526.108,2171,39,2.223,110.716
COMPLETE,16526.827,2156,10,88.141
ARRIVAL,16529.994,2172,38,35.732,143.293
ARRIVAL,16532.223,2173,8,24.947,273.328
COMPLETE,16533.628,2150,2,137.026
ARRIVAL,16535.693,2174,9,98.450,103.659
ARRIVAL,16541.098,2175,4,47.013,198.390
COMPLETE,16547.097,2160,37,74.905
ARRIVAL,16551.515,2176,3,34.240,197.122
ARRIVAL,16551.533,2177,24,6.084,273.185
ARRIVAL,16551.621,2178,44,21.930,271.530
COMPLETE,16555.409,2171,39,29.302
COMPLETE,16558.063,2162,35,77.092
ARRIVAL,16564.515,2179,18,49.911,216.660
COMPLETE,16568.004,2146,33,181.997
COMPLETE,16571.461,2168,5,59.012
ARRIVAL,16573.397,2180,28,24.651,101.120
TIMEOUT,16585.663,2139,32
COMPLETE,16591.170,2165,34,93.334
ARRIVAL,16594.355,2181,22,31.553,257.480
ARRIVAL,16595.663,2182,32,85.241,297.732
COMPLETE,16596.273,2166,12,87.868
ARRIVAL,16597.618,2183,1,3.353,189.140
COMPLETE,16598.809,2167,46,88.659
ARRIVAL,16613.021,2184,43,18.689,133.995
ARRIVAL,16613.168,2185,15,8.086,104.318
TIMEOUT,16615.012,2159,7
ARRIVAL,16623.060,2186,49,57.931,255.049
ARRIVAL,16625.012,2187,7,44.734,280.925
ARRIVAL,16626.691,2188,16,8.731,232.162
COMPLETE,16631.947,2177,24,80.414
ARRIVAL,16633.055,2189,0,40.408,274.400
ARRIVAL,16636.753,2190,27,12.357,149.218
TIMEOUT,16645.385,2157,36
ARRIVAL,16652.905,2191,23,49.011,227.545
ARRIVAL,16655.385,2192,36,35.412,226.845
COMPLETE,16656.994,2173,8,124.771
ARRIVAL,16658.238,2193,13,0.990,168.599
COMPLETE,16673.571,2185,15,60.403
ARRIVAL,16681.218,2194,29,6.577,223.412
TIMEOUT,16683.838,2143,30
TIMEOUT,16687.259,2155,41
COMPLETE,16692.569,2188,16,65.878
ARRIVAL,16693.708,2195,37,15.815,159.477
ARRIVAL,16693.838,2196,30,29.597,262.563
ARRIVAL,16697.259,2197,41,19.645,139.005
ARRIVAL,16701.024,2198,5,61.664,170.701
TIMEOUT,16711.841,2172,38
ARRIVAL,16713.035,2199,6,35.692,251.703
TIMEOUT,16713.964,2169,47
COMPLETE,16717.881,2183,1,120.262
ARRIVAL,16721.841,2200,38,57.673,203.073
ARRIVAL,16723.964,2201,47,11.523,150.994
COMPLETE,16725.026,2190,27,88.273
ARRIVAL,16726.847,2202,45,114.125,101.081
COMPLETE,16728.449,2193,13,70.211
TIMEOUT,16730.664,2158,25
COMPLETE,16736.570,2184,43,123.549
COMPLETE,16737.241,2194,29,56.023
ARRIVAL,16740.664,2203,25,21.458,216.156
ARRIVAL,16741.802,2204,12,81.208,270.379
TIMEOUT,16768.404,2176,3
COMPLETE,16770.334,2178,44,218.713
ARRIVAL,16776.465,2205,34,19.653,114.073
ARRIVAL,16778.404,2206,3,23.235,239.097
COMPLETE,16781.041,2195,37,87.333
TIMEOUT,16781.097,2170,31
TIMEOUT,16785.748,2180,28
ARRIVAL,16788.386,2207,19,9.307,115.599
ARRIVAL,16789.026,2208,15,19.043,186.561
ARRIVAL,16791.097,2209,31,21.663,188.627
ARRIVAL,16794.164,2210,11,20.016,174.602
ARRIVAL,16795.748,2211,28,65.416,183.348
COMPLETE,16800.686,2197,41,103.427
TIMEOUT,16803.883,2175,4
ARRIVAL,16813.883,2212,4,57.412,168.657
COMPLETE,16815.436,2181,22,221.081
ARRIVAL,16822.960,2213,2,36.037,206.711
ARRIVAL,16829.858,2214,48,14.402,189.756
COMPLETE,16833.053,2192,36,177.667
ARRIVAL,16841.775,2215,24,25.142,138.932
COMPLETE,16842.649,2196,30,148.811
COMPLETE,16852.409,2201,47,128.445
ARRIVAL,16857.243,2216,39,8.588,144.220
ARRIVAL,16860.137,2217,20,15.716,237.167
TIMEOUT,16862.122,2161,14
TIMEOUT,16872.034,2179,18
ARRIVAL,16872.122,2218,14,19.824,119.209
COMPLETE,16877.244,2187,7,252.231
ARRIVAL,16882.034,2219,18,73.825,173.749
COMPLETE,16891.076,2208,15,102.050
COMPLETE,16892.156,2207,19,103.770
TIMEOUT,16896.897,2205,34
TIMEOUT,16903.890,2151,21
ARRIVAL,16906.897,2220,34,16.424,259.436
ARRIVAL,16913.890,2221,21,25.249,234.442
TIMEOUT,16917.404,2189,0
ARRIVAL,16920.958,2222,35,67.913,174.927
TIMEOUT,16921.267,2191,23
ARRIVAL,16926.325,2223,16,10.893,219.964
ARRIVAL,16927.404,2224,0,17.019,152.048
ARRIVAL,16931.267,2225,23,6.072,294.705
ARRIVAL,16932.970,2226,13,4.316,223.083
COMPLETE,16933.096,2199,6,220.061
ARRIVAL,16935.577,2227,46,34.543,251.392
ARRIVAL,16949.311,2228,27,33.835,157.112
COMPLETE,16952.678,2216,39,95.435
ARRIVAL,16957.451,2229,44,43.969,274.582
ARRIVAL,16965.144,2230,1,37.065,193.011
ARRIVAL,16967.453,2231,41,1.357,203.024
COMPLETE,16968.395,2217,20,108.258
ARRIVAL,16968.823,2232,8,17.955,227.045
ARRIVAL,16973.480,2233,29,15.985,249.017
COMPLETE,16981.050,2214,48,151.192
COMPLETE,16981.291,2218,14,109.169
TIMEOUT,16982.508,2203,25
COMPLETE,16989.720,2220,34,82.823
ARRIVAL,16992.508,2234,25,45.979,293.157
TIMEOUT,17000.439,2186,49
TIMEOUT,17000.455,2210,11
COMPLETE,17004.626,2206,3,226.223
ARRIVAL,17005.574,2235,15,11.022,186.304
TIMEOUT,17006.289,2209,31
ARRIVAL,17010.439,2236,49,13.294,150.953
ARRIVAL,17010.455,2237,11,19.933,290.348
COMPLETE,17012.361,2225,23,81.094
ARRIVAL,17014.876,2238,37,22.793,203.359
ARRIVAL,17016.289,2239,31,43.626,207.450
ARRIVAL,17020.190,2240,36,26.778,270.661
COMPLETE,17020.713,2223,16,94.388
COMPLETE,17025.029,2226,13,92.059
TIMEOUT,17030.034,2200,38
ARRIVAL,17040.034,2241,38,9.641,230.568
COMPLETE,17045.714,2224,0,118.309
TIMEOUT,17050.271,2215,24
TIMEOUT,17051.798,2198,5
TIMEOUT,17056.692,2213,2
ARRIVAL,17060.271,2242,24,28.279,190.449
ARRIVAL,17061.101,2243,47,13.745,291.657
ARRIVAL,17061.511,2244,40,8.848,249.449
ARRIVAL,17061.798,2245,5,24.584,130.002
ARRIVAL,17066.692,2246,2,67.754,231.487
TIMEOUT,17072.846,2132,42
TIMEOUT,17075.142,2174,9
ARRIVAL,17082.846,2247,42,124.018,263.081
ARRIVAL,17084.722,2248,39,18.999,280.388
ARRIVAL,17085.142,2249,9,77.205,180.075
COMPLETE,17087.271,2231,41,119.818
TIMEOUT,17090.257,2212,4
ARRIVAL,17090.407,2250,19,88.654,178.433
COMPLETE,17091.127,2233,29,117.647
ARRIVAL,17100.257,2251,4,4.844,163.213
COMPLETE,17102.149,2235,15,96.575
COMPLETE,17103.551,2236,49,93.112
COMPLETE,17105.226,2232,8,136.403
ARRIVAL,17107.077,2252,14,1.243,236.892
COMPLETE,17110.474,2221,21,196.584
ARRIVAL,17115.261,2253,20,12.583,279.652
TIMEOUT,17117.386,2228,27
COMPLETE,17122.082,2237,11,111.627
ARRIVAL,17127.386,2254,27,6.409,203.089
TIMEOUT,17135.815,2182,32
COMPLETE,17141.840,2241,38,101.805
ARRIVAL,17145.815,2255,32,65.773,204.492
COMPLETE,17151.230,2243,47,90.129
COMPLETE,17170.458,2227,46,234.881
COMPLETE,17170.787,2244,40,109.276
TIMEOUT,17188.395,2230,1
ARRIVAL,17194.783,2256,48,14.727,172.338
COMPLETE,17195.403,2251,4,95.145
ARRIVAL,17198.395,2257,1,10.677,299.164
ARRIVAL,17200.832,2258,30,13.691,212.188
COMPLETE,17201.381,2248,39,116.659
ARRIVAL,17203.900,2259,43,76.733,299.313
ARRIVAL,17209.572,2260,8,2.507,149.134
COMPLETE,17209.737,2252,14,102.660
ARRIVAL,17216.078,2261,26,43.352,119.312
COMPLETE,17218.016,2242,24,157.745
TIMEOUT,17220.086,2245,5
TIMEOUT,17221.295,2204,12
ARRIVAL,17225.295,2262,34,4.177,292.836
ARRIVAL,17230.086,2263,5,30.796,195.740
ARRIVAL,17230.098,2264,15,11.425,293.196
ARRIVAL,17231.295,2265,12,17.936,214.884
COMPLETE,17234.064,2253,20,118.803
COMPLETE,17236.022,2256,48,41.239
COMPLETE,17240.473,2254,27,113.088
TIMEOUT,17243.266,2238,37
COMPLETE,17246.699,2257,1,48.305
TIMEOUT,17248.682,2211,28
COMPLETE,17249.206,2260,8,39.635
ARRIVAL,17253.266,2266,37,38.825,121.370
ARRIVAL,17254.056,2267,13,8.297,256.742
TIMEOUT,17257.120,2222,35
COMPLETE,17257.965,2240,36,237.775
ARRIVAL,17258.682,2268,28,5.459,284.947
TIMEOUT,17261.935,2229,44
ARRIVAL,17267.120,2269,35,20.362,211.015
COMPLETE,17267.914,2234,25,275.406
COMPLETE,17271.907,2258,30,71.075
ARRIVAL,17271.935,2270,44,18.842,114.786
ARRIVAL,17277.683,2271,23,5.882,197.217
ARRIVAL,17289.404,2272,40,28.587,239.146
COMPLETE,17296.184,2262,34,70.889
COMPLETE,17314.120,2265,12,82.825
COMPLETE,17316.162,2270,44,44.227
COMPLETE,17317.279,2267,13,63.224
COMPLETE,17319.539,2264,15,89.441
ARRIVAL,17320.259,2273,22,3.014,118.036
COMPLETE,17326.958,2263,5,96.871
ARRIVAL,17328.248,2274,4,134.991,125.019
TIMEOUT,17331.404,2202,45
ARRIVAL,17332.512,2275,6,30.011,129.985
COMPLETE,17332.840,2271,23,55.157
TIMEOUT,17333.364,2219,18
ARRIVAL,17336.695,2276,38,36.020,112.260
TIMEOUT,17336.990,2239,31
ARRIVAL,17341.404,2277,45,16.396,206.678
ARRIVAL,17343.364,2278,18,16.751,234.301
ARRIVAL,17346.990,2279,31,29.351,276.827
COMPLETE,17351.665,2266,37,98.398
COMPLETE,17354.679,2273,22,34.420
ARRIVAL,17354.683,2280,49,20.407,158.914
COMPLETE,17359.779,2268,28,101.097
ARRIVAL,17361.846,2281,17,35.464,281.566
ARRIVAL,17368.313,2282,41,5.611,276.672
ARRIVAL,17373.279,2283,11,32.979,105.806
COMPLETE,17391.530,2278,18,48.166
ARRIVAL,17423.442,2284,24,0.447,140.974
ARRIVAL,17424.918,2285,21,57.844,227.914
COMPLETE,17427.650,2276,38,90.955
TIMEOUT,17427.834,2246,2
ARRIVAL,17432.209,2286,44,46.802,280.513
COMPLETE,17437.001,2279,31,90.011
ARRIVAL,17437.834,2287,2,32.010,289.169
COMPLETE,17443.102,2282,41,74.789
ARRIVAL,17443.952,2288,1,31.027,235.548
TIMEOUT,17446.454,2261,26
ARRIVAL,17446.566,2289,36,25.025,152.528
COMPLETE,17446.861,2280,49,92.177
COMPLETE,17448.296,2269,35,181.176
COMPLETE,17448.300,2277,45,106.896
ARRIVAL,17453.075,2290,20,17.907,209.170
ARRIVAL,17456.454,2291,26,34.529,221.134
TIMEOUT,17465.501,2249,9
TIMEOUT,17471.274,2255,32
COMPLETE,17471.721,2284,24,48.279
ARRIVAL,17475.501,2292,9,9.514,157.000
COMPLETE,17476.987,2272,40,187.583
ARRIVAL,17479.545,2293,16,66.165,146.784
ARRIVAL,17481.274,2294,32,91.939,281.624
COMPLETE,17482.424,2281,17,120.578
ARRIVAL,17491.877,2295,48,2.763,204.330
TIMEOUT,17504.800,2283,11
ARRIVAL,17505.809,2296,34,26.207,114.607
ARRIVAL,17514.800,2297,11,3.475,229.893
ARRIVAL,17518.435,2298,47,2.231,151.911
ARRIVAL,17520.214,2299,27,43.414,253.076
COMPLETE,17522.426,2289,36,75.860
ARRIVAL,17526.498,2300,0,35.539,130.926
TIMEOUT,17527.198,2275,6
COMPLETE,17532.139,2292,9,56.638
ARRIVAL,17537.198,2301,6,16.325,140.188
COMPLETE,17545.289,2295,48,53.412
ARRIVAL,17549.035,2302,35,23.486,284.307
ARRIVAL,17556.247,2303,29,128.254,293.222
ARRIVAL,17557.336,2304,5,8.477,107.127
COMPLETE,17559.818,2291,26,103.364
COMPLETE,17563.265,2288,1,119.314
COMPLETE,17563.293,2297,11,48.492
COMPLETE,17565.204,2290,20,112.129
TIMEOUT,17567.284,2247,42
COMPLETE,17570.094,2286,44,137.885
COMPLETE,17572.325,2298,47,53.891
ARRIVAL,17577.284,2305,42,10.245,187.717
TIMEOUT,17581.937,2259,43
COMPLETE,17582.944,2285,21,158.026
COMPLETE,17583.608,2301,6,46.411
ARRIVAL,17586.818,2306,46,4.153,195.394
COMPLETE,17589.151,2296,34,83.342
ARRIVAL,17589.386,2307,8,27.246,109.255
TIMEOUT,17590.591,2250,19
ARRIVAL,17591.937,2308,43,161.118,276.166
COMPLETE,17597.628,2304,5,40.291
ARRIVAL,17600.568,2309,25,1.346,226.732
ARRIVAL,17600.591,2310,19,60.497,197.262
ARRIVAL,17600.595,2311,24,13.800,269.720
ARRIVAL,17620.577,2312,37,4.503,198.673
COMPLETE,17621.881,2306,46,35.063
COMPLETE,17622.701,2287,2,184.867
COMPLETE,17628.064,2300,0,101.566
COMPLETE,17632.946,2305,42,55.662
COMPLETE,17634.292,2309,25,33.723
ARRIVAL,17637.856,2313,39,21.635,225.755
ARRIVAL,17639.824,2314,15,38.645,299.358
ARRIVAL,17645.635,2315,14,21.513,246.514
COMPLETE,17652.667,2312,37,32.089
ARRIVAL,17661.928,2316,48,10.575,232.698
ARRIVAL,17666.689,2317,45,7.688,171.737
COMPLETE,17667.494,2302,35,118.459
COMPLETE,17675.881,2311,24,75.286
COMPLETE,17679.294,2299,27,159.081
ARRIVAL,17681.345,2318,7,22.279,244.763
ARRIVAL,17682.089,2319,41,49.513,230.534
COMPLETE,17686.541,2307,8,97.155
ARRIVAL,17696.134,2320,33,30.071,126.510
COMPLETE,17696.227,2313,39,58.371
COMPLETE,17703.442,2316,48,41.514
COMPLETE,17704.955,2315,14,59.319
ARRIVAL,17715.566,2321,47,176.833,163.213
ARRIVAL,17715.823,2322,34,13.386,164.438
ARRIVAL,17716.280,2323,38,2.185,168.524
ARRIVAL,17720.808,2324,31,2.331,110.055
ARRIVAL,17723.881,2325,22,21.769,203.118
COMPLETE,17729.072,2324,31,8.263
COMPLETE,17736.993,2294,32,255.719
COMPLETE,17738.565,2323,38,22.285
ARRIVAL,17749.112,2326,46,28.269,120.673
ARRIVAL,17749.874,2327,11,25.265,196.792
ARRIVAL,17749.978,2328,25,14.871,202.302
ARRIVAL,17753.012,2329,3,101.174,201.121
COMPLETE,17755.582,2317,45,88.893
TIMEOUT,17761.747,2293,16
ARRIVAL,17768.259,2330,9,31.122,177.262
COMPLETE,17770.479,2322,34,54.655
ARRIVAL,17771.747,2331,16,60.066,258.764
COMPLETE,17772.758,2318,7,91.413
TIMEOUT,17773.656,2274,4
ARRIVAL,17780.296,2332,2,22.465,114.373
ARRIVAL,17783.656,2333,4,31.232,109.212
ARRIVAL,17794.289,2334,35,22.192,198.028
COMPLETE,17800.492,2314,15,160.668
COMPLETE,17803.269,2319,41,121.180
COMPLETE,17804.182,2328,25,54.204
ARRIVAL,17808.424,2335,26,29.133,168.030
ARRIVAL,17810.193,2336,5,61.711,157.870
ARRIVAL,17811.748,2337,12,22.479,222.123
ARRIVAL,17823.611,2338,21,42.584,225.485
ARRIVAL,17825.458,2339,44,47.642,286.032
COMPLETE,17832.551,2326,46,83.440
ARRIVAL,17833.675,2340,13,26.350,193.484
ARRIVAL,17838.885,2341,49,24.908,177.293
ARRIVAL,17843.422,2342,36,6.863,104.533
ARRIVAL,17857.383,2343,6,22.955,283.269
ARRIVAL,17862.076,2344,28,5.343,159.420
COMPLETE,17868.834,2327,11,118.960
TIMEOUT,17870.863,2320,33
ARRIVAL,17875.197,2345,27,33.787,237.505
COMPLETE,17879.956,2330,9,111.697
ARRIVAL,17880.863,2346,33,18.269,125.293
ARRIVAL,17884.518,2347,38,23.647,206.890
ARRIVAL,17887.955,2348,14,93.711,219.435
ARRIVAL,17891.370,2349,45,17.784,268.636
COMPLETE,17892.732,2325,22,168.851
ARRIVAL,17894.328,2350,40,10.834,260.790
ARRIVAL,17901.975,2351,20,61.352,113.529
TIMEOUT,17902.522,2332,2
ARRIVAL,17906.647,2352,32,60.245,290.117
COMPLETE,17907.865,2344,28,45.789
ARRIVAL,17909.780,2353,34,5.997,107.150
ARRIVAL,17912.522,2354,2,72.229,245.641
TIMEOUT,17913.329,2310,19
ARRIVAL,17913.559,2355,8,23.081,208.167
ARRIVAL,17915.387,2356,42,25.039,187.844
TIMEOUT,17919.096,2333,4
ARRIVAL,17923.197,2357,30,41.039,146.293
ARRIVAL,17923.329,2358,19,6.336,204.113
ARRIVAL,17929.096,2359,4,11.357,284.025
COMPLETE,17935.750,2334,35,141.461
COMPLETE,17936.880,2349,45,45.510
COMPLETE,17939.915,2342,36,96.493
ARRIVAL,17946.709,2360,24,21.529,100.655
COMPLETE,17951.698,2346,33,70.835
ARRIVAL,17955.187,2361,25,76.943,288.823
ARRIVAL,17959.695,2362,41,10.721,229.351
COMPLETE,17960.831,2335,26,152.407
COMPLETE,17971.665,2350,40,77.337
ARRIVAL,17978.853,2363,17,16.181,229.711
ARRIVAL,17979.991,2364,39,63.846,176.853
COMPLETE,17982.594,2337,12,170.845
COMPLETE,18008.691,2353,34,98.911
COMPLETE,18023.616,2358,19,100.287
ARRIVAL,18026.125,2365,9,29.075,242.788
COMPLETE,18034.973,2359,4,105.877
ARRIVAL,18038.166,2366,31,5.272,259.742
TIMEOUT,18042.600,2340,13
COMPLETE,18045.752,2345,27,170.555
TIMEOUT,18047.508,2341,49
ARRIVAL,18048.492,2367,0,77.598,102.565
COMPLETE,18050.463,2343,6,193.080
ARRIVAL,18052.600,2368,13,0.392,226.300
ARRIVAL,18057.508,2369,49,80.170,264.219
COMPLETE,18061.184,2362,41,101.489
TIMEOUT,18061.250,2331,16
ARRIVAL,18062.392,2370,11,12.609,269.137
COMPLETE,18062.715,2339,44,237.257
COMPLETE,18064.897,2347,38,180.379
ARRIVAL,18065.278,2371,18,127.873,250.004
ARRIVAL,18071.250,2372,16,51.266,232.770
ARRIVAL,18076.376,2373,7,18.660,163.722
COMPLETE,18089.033,2355,8,175.474
COMPLETE,18098.996,2363,17,120.143
ARRIVAL,18099.376,2374,12,18.761,229.787
ARRIVAL,18112.994,2375,10,26.581,190.651
ARRIVAL,18118.620,2376,15,0.479,109.207
TIMEOUT,18124.135,2356,42
TIMEOUT,18131.875,2338,21
ARRIVAL,18134.135,2377,42,2.601,248.717
COMPLETE,18134.505,2366,31,96.340
ARRIVAL,18141.875,2378,21,42.818,171.061
ARRIVAL,18146.872,2379,26,15.205,288.817
COMPLETE,18152.367,2368,13,99.767
ARRIVAL,18153.152,2380,6,11.941,155.501
TIMEOUT,18156.134,2360,24
COMPLETE,18156.844,2370,11,94.452
ARRIVAL,18157.557,2381,22,14.386,121.398
ARRIVAL,18160.501,2382,36,39.466,214.374
ARRIVAL,18161.133,2383,28,3.345,133.023
COMPLETE,18164.058,2374,12,64.682
ARRIVAL,18166.134,2384,24,55.717,179.608
ARRIVAL,18172.619,2385,37,1.337,176.225
ARRIVAL,18172.673,2386,40,6.532,136.558
TIMEOUT,18173.585,2308,43
COMPLETE,18174.794,2373,7,98.418
TIMEOUT,18183.049,2303,29
ARRIVAL,18183.585,2387,43,83.485,224.476
COMPLETE,18192.124,2365,9,165.999
ARRIVAL,18193.049,2388,29,13.988,293.325
TIMEOUT,18193.163,2357,30
TIMEOUT,18195.396,2336,5
ARRIVAL,18200.125,2389,4,126.073,235.198
ARRIVAL,18202.270,2390,48,17.025,142.725
ARRIVAL,18203.163,2391,30,2.373,101.307
COMPLETE,18204.737,2376,15,86.117
COMPLETE,18205.104,2380,6,51.952
ARRIVAL,18205.396,2392,5,88.365,190.714
ARRIVAL,18209.636,2393,34,114.353,162.347
ARRIVAL,18214.930,2394,8,29.274,142.551
COMPLETE,18227.437,2377,42,93.302
ARRIVAL,18229.086,2395,46,49.228,189.291
COMPLETE,18238.941,2383,28,77.807
ARRIVAL,18247.905,2396,38,46.671,159.587
COMPLETE,18251.836,2386,40,79.163
ARRIVAL,18252.185,2397,35,27.930,224.442
COMPLETE,18260.378,2385,37,87.759
COMPLETE,18262.743,2379,26,115.871
COMPLETE,18268.861,2390,48,66.591
COMPLETE,18271.234,2391,30,68.072
COMPLETE,18271.731,2381,22,114.173
ARRIVAL,18287.985,2398,45,45.850,274.153
COMPLETE,18296.831,2388,29,103.782
ARRIVAL,18302.631,2399,44,15.368,232.833
COMPLETE,18303.412,2375,10,190.418
ARRIVAL,18314.216,2400,15,20.719,144.940
TIMEOUT,18314.679,2372,16
ARRIVAL,18315.003,2401,31,78.315,116.929
ARRIVAL,18316.189,2402,9,7.983,169.302
ARRIVAL,18320.545,2403,1,3.486,111.445
TIMEOUT,18320.923,2352,32
TIMEOUT,18322.097,2329,3
ARRIVAL,18323.350,2404,17,17.378,295.051
ARRIVAL,18324.679,2405,16,60.044,137.732
ARRIVAL,18330.923,2406,32,30.751,200.759
ARRIVAL,18332.097,2407,3,38.525,281.574
TIMEOUT,18333.383,2351,20
ARRIVAL,18343.383,2408,20,67.643,269.497
ARRIVAL,18344.733,2409,42,79.155,296.376
TIMEOUT,18345.612,2354,2
ARRIVAL,18346.038,2410,7,42.663,231.372
TIMEOUT,18346.043,2364,39
TIMEOUT,18348.489,2348,14
ARRIVAL,18355.612,2411,2,11.782,214.434
ARRIVAL,18356.043,2412,39,18.864,180.620
ARRIVAL,18358.489,2413,14,1.400,186.943
ARRIVAL,18364.449,2414,28,15.480,120.065
ARRIVAL,18373.124,2415,48,48.048,161.310
TIMEOUT,18382.654,2361,25
TIMEOUT,18385.422,2321,47
ARRIVAL,18388.136,2416,27,108.278,106.345
ARRIVAL,18392.654,2417,25,30.630,213.785
ARRIVAL,18395.422,2418,47,72.639,143.725
TIMEOUT,18402.120,2382,36
COMPLETE,18407.203,2399,44,104.572
ARRIVAL,18412.120,2419,36,1.006,123.219
ARRIVAL,18414.606,2420,22,9.541,177.706
ARRIVAL,18415.484,2421,40,23.975,130.798
TIMEOUT,18415.617,2394,8
ARRIVAL,18425.617,2422,8,73.101,187.084
COMPLETE,18435.285,2402,9,119.097
TIMEOUT,18438.771,2403,1
COMPLETE,18439.598,2404,17,116.248
ARRIVAL,18448.771,2423,1,4.317,176.767
TIMEOUT,18456.369,2367,0
ARRIVAL,18466.369,2424,0,7.576,101.510
TIMEOUT,18472.086,2384,24
ARRIVAL,18481.854,2425,33,3.741,215.395
ARRIVAL,18482.086,2426,24,20.309,286.864
COMPLETE,18487.322,2413,14,128.833
COMPLETE,18491.580,2411,2,135.968
TIMEOUT,18494.399,2378,21
COMPLETE,18494.781,2412,39,138.738
TIMEOUT,18495.253,2397,35
ARRIVAL,18504.399,2427,21,7.196,151.803
ARRIVAL,18505.253,2428,35,0.799,137.433
TIMEOUT,18509.879,2414,28
ARRIVAL,18516.101,2429,19,31.316,153.615
ARRIVAL,18519.879,2430,28,53.602,177.447
ARRIVAL,18528.362,2431,37,5.099,160.386
TIMEOUT,18535.700,2400,15
ARRIVAL,18545.700,2432,15,0.673,207.444
ARRIVAL,18549.742,2433,6,34.679,137.410
TIMEOUT,18553.491,2419,36
TIMEOUT,18555.970,2369,49
COMPLETE,18563.033,2420,22,148.427
ARRIVAL,18563.491,2434,36,20.092,163.643
ARRIVAL,18565.970,2435,49,77.009,160.474
TIMEOUT,18566.304,2406,32
ARRIVAL,18572.070,2436,10,4.280,127.177
ARRIVAL,18576.304,2437,32,10.069,249.003
COMPLETE,18584.829,2407,3,252.732
COMPLETE,18587.449,2423,1,138.679
TIMEOUT,18594.056,2395,46
TIMEOUT,18594.120,2396,38
TIMEOUT,18601.632,2424,0
COMPLETE,18602.432,2428,35,97.179
COMPLETE,18603.366,2427,21,98.968
ARRIVAL,18604.056,2438,46,1.917,121.715
ARRIVAL,18604.120,2439,38,18.523,164.599
ARRIVAL,18607.391,2440,14,34.839,297.820
TIMEOUT,18609.216,2398,45
ARRIVAL,18611.632,2441,0,6.514,297.600
COMPLETE,18614.120,2425,33,132.266
ARRIVAL,18617.400,2442,41,13.459,144.383
ARRIVAL,18618.625,2443,12,45.832,260.910
ARRIVAL,18619.216,2444,45,0.459,285.677
TIMEOUT,18624.850,2417,25
ARRIVAL,18634.850,2445,25,32.278,182.652
ARRIVAL,18637.103,2446,26,37.496,154.405
COMPLETE,18650.049,2431,37,121.687
ARRIVAL,18651.243,2447,44,2.709,184.432
ARRIVAL,18662.733,2448,30,29.363,258.358
COMPLETE,18670.189,2432,15,124.489
COMPLETE,18694.529,2436,10,122.459
COMPLETE,18696.446,2438,46,92.389
TIMEOUT,18698.495,2421,40
TIMEOUT,18704.811,2392,5
COMPLETE,18705.270,2444,45,86.054
ARRIVAL,18707.536,2449,35,2.148,259.440
ARRIVAL,18708.495,2450,40,72.940,216.195
ARRIVAL,18711.767,2451,1,3.512,122.067
COMPLETE,18713.000,2437,32,136.696
ARRIVAL,18714.811,2452,5,80.445,180.425
COMPLETE,18716.903,2441,0,105.271
ARRIVAL,18717.419,2453,21,2.181,170.135
ARRIVAL,18717.472,2454,33,37.003,268.328
TIMEOUT,18721.258,2410,7
ARRIVAL,18722.487,2455,3,29.783,195.484
COMPLETE,18730.362,2442,41,112.962
ARRIVAL,18731.258,2456,7,19.077,287.947
COMPLETE,18731.523,2439,38,127.403
COMPLETE,18741.667,2426,24,259.582
TIMEOUT,18752.984,2429,19
TIMEOUT,18759.671,2415,48
TIMEOUT,18760.149,2433,6
ARRIVAL,18762.984,2457,19,51.265,163.082
ARRIVAL,18769.671,2458,48,21.353,125.625
ARRIVAL,18770.149,2459,6,22.230,150.900
TIMEOUT,18777.986,2401,31
TIMEOUT,18778.030,2405,16
TIMEOUT,18778.122,2434,36
ARRIVAL,18780.193,2460,9,28.899,250.944
COMPLETE,18782.903,2447,44,131.660
ARRIVAL,18784.192,2461,39,13.402,274.749
ARRIVAL,18787.986,2462,31,40.232,132.339
ARRIVAL,18788.030,2463,16,26.008,265.241
ARRIVAL,18788.122,2464,36,13.232,240.640
COMPLETE,18795.332,2449,35,87.796
TIMEOUT,18798.817,2387,43
ARRIVAL,18808.817,2465,43,43.824,136.319
ARRIVAL,18810.927,2466,17,1.241,111.181
ARRIVAL,18816.032,2467,45,77.598,107.048
TIMEOUT,18818.405,2408,20
ARRIVAL,18818.540,2468,22,4.713,268.896
COMPLETE,18826.615,2451,1,114.849
ARRIVAL,18828.405,2469,20,3.778,217.938
COMPLETE,18837.399,2456,7,106.141
TIMEOUT,18837.560,2409,42
ARRIVAL,18838.459,2470,46,24.076,216.084
COMPLETE,18839.741,2453,21,122.323
TIMEOUT,18840.968,2393,34
ARRIVAL,18847.560,2471,42,209.265,187.687
ARRIVAL,18850.968,2472,34,37.020,137.562
COMPLETE,18852.238,2440,14,244.847
ARRIVAL,18852.799,2473,37,39.526,262.191
TIMEOUT,18853.246,2445,25
ARRIVAL,18859.345,2474,0,5.018,228.852
ARRIVAL,18863.246,2475,25,13.347,281.456
ARRIVAL,18866.167,2476,38,10.880,150.656
ARRIVAL,18882.552,2477,23,30.111,184.989
ARRIVAL,18884.670,2478,2,76.489,191.818
COMPLETE,18885.740,2461,39,101.548
TIMEOUT,18886.447,2422,8
ARRIVAL,18891.278,2479,29,64.570,118.368
ARRIVAL,18892.969,2480,44,6.654,236.695
TIMEOUT,18893.543,2430,28
ARRIVAL,18896.447,2481,8,34.110,177.153
COMPLETE,18899.679,2464,36,111.557
ARRIVAL,18903.543,2482,28,20.547,155.020
TIMEOUT,18906.182,2418,47
TIMEOUT,18907.191,2371,18
COMPLETE,18909.042,2448,30,246.309
ARRIVAL,18916.182,2483,47,3.109,261.163
ARRIVAL,18917.191,2484,18,40.912,128.333
TIMEOUT,18923.678,2446,26
TIMEOUT,18928.532,2466,17
ARRIVAL,18933.678,2485,26,37.934,290.866
COMPLETE,18933.855,2468,22,115.315
ARRIVAL,18934.197,2486,15,55.541,156.374
ARRIVAL,18937.248,2487,13,9.867,275.406
ARRIVAL,18938.532,2488,17,4.544,247.686
ARRIVAL,18939.355,2489,35,1.981,182.443
COMPLETE,18945.535,2454,33,228.063
TIMEOUT,18951.367,2443,12
COMPLETE,18958.973,2474,0,99.627
ARRIVAL,18961.367,2490,12,165.983,243.683
COMPLETE,18967.871,2460,9,187.678
COMPLETE,18969.918,2469,20,141.513
TIMEOUT,18972.820,2458,48
COMPLETE,18978.752,2476,38,112.584
ARRIVAL,18982.820,2491,48,10.981,152.329
TIMEOUT,18992.248,2459,6
TIMEOUT,18993.761,2455,3
COMPLETE,18999.574,2480,44,106.605
TIMEOUT,18999.834,2389,4
ARRIVAL,18999.938,2492,24,12.041,145.006
ARRIVAL,19002.248,2493,6,72.139,256.994
ARRIVAL,19003.761,2494,3,31.347,204.086
COMPLETE,19005.595,2475,25,142.349
ARRIVAL,19009.834,2495,4,22.262,210.670
COMPLETE,19022.782,2483,47,106.601
COMPLETE,19031.703,2463,16,243.673
TIMEOUT,19048.712,2435,49
ARRIVAL,19050.641,2496,11,3.227,262.682
ARRIVAL,19058.712,2497,49,46.177,220.071
ARRIVAL,19060.116,2498,30,25.513,102.083
ARRIVAL,19065.726,2499,1,22.632,290.398
COMPLETE,19070.793,2489,35,131.438
TIMEOUT,19074.248,2457,19
TIMEOUT,19076.172,2472,34
ARRIVAL,19082.595,2500,38,34.254,230.840
ARRIVAL,19084.074,2501,0,1.166,122.290
ARRIVAL,19084.248,2502,19,19.016,292.054
TIMEOUT,19084.310,2470,46
COMPLETE,19086.039,2487,13,148.791
ARRIVAL,19086.172,2503,34,47.828,189.779
COMPLETE,19090.318,2473,37,237.519
COMPLETE,19090.583,2488,17,152.051
ARRIVAL,19094.310,2504,46,46.441,191.775
COMPLETE,19101.564,2491,48,118.744
COMPLETE,19102.359,2492,24,102.421
TIMEOUT,19102.591,2462,31
TIMEOUT,19102.625,2416,27
ARRIVAL,19103.169,2505,10,37.767,142.523
COMPLETE,19105.818,2496,11,55.178
ARRIVAL,19107.404,2506,21,13.331,274.973
ARRIVAL,19112.591,2507,31,42.460,298.916
ARRIVAL,19112.625,2508,27,60.406,196.743
ARRIVAL,19113.617,2509,32,41.088,151.223
TIMEOUT,19126.549,2465,43
TIMEOUT,19135.774,2481,8
ARRIVAL,19136.549,2510,43,39.384,276.855
ARRIVAL,19137.297,2511,39,34.419,211.552
COMPLETE,19144.483,2485,26,210.805
ARRIVAL,19145.774,2512,8,20.047,119.944
TIMEOUT,19148.714,2450,40
TIMEOUT,19154.722,2477,23
ARRIVAL,19158.714,2513,40,0.265,131.530
ARRIVAL,19164.722,2514,23,3.582,172.143
ARRIVAL,19172.811,2515,25,82.682,198.866
TIMEOUT,19175.369,2482,28
ARRIVAL,19185.369,2516,28,43.407,138.228
COMPLETE,19185.849,2501,0,101.775
COMPLETE,19187.830,2502,19,103.582
ARRIVAL,19193.544,2517,22,9.387,154.184
ARRIVAL,19200.696,2518,9,21.009,162.095
ARRIVAL,19209.125,2519,33,7.022,175.650
ARRIVAL,19209.200,2520,20,7.296,192.643
ARRIVAL,19210.666,2521,44,9.281,277.700
TIMEOUT,19217.297,2494,3
COMPLETE,19221.261,2506,21,113.857
ARRIVAL,19227.297,2522,3,7.876,240.874
TIMEOUT,19252.032,2498,30
ARRIVAL,19253.328,2523,35,175.981,297.369
ARRIVAL,19254.518,2524,7,24.529,151.546
ARRIVAL,19255.399,2525,37,48.285,177.864
TIMEOUT,19258.031,2495,4
COMPLETE,19261.726,2513,40,103.012
ARRIVAL,19262.032,2526,30,61.238,150.149
TIMEOUT,19262.638,2484,18
ARRIVAL,19268.031,2527,4,2.506,189.933
ARRIVAL,19272.638,2528,18,34.521,268.461
COMPLETE,19274.764,2499,1,209.038
TIMEOUT,19275.209,2452,5
COMPLETE,19281.178,2514,23,116.457
ARRIVAL,19284.926,2529,41,13.957,169.041
ARRIVAL,19285.209,2530,5,1.360,221.409
COMPLETE,19289.463,2500,38,206.868
TIMEOUT,19296.719,2486,15
ARRIVAL,19297.267,2531,0,46.023,159.295
ARRIVAL,19306.719,2532,15,28.105,276.718
ARRIVAL,19307.068,2533,19,0.033,230.324
TIMEOUT,19307.230,2505,10
COMPLETE,19307.618,2517,22,114.074
COMPLETE,19309.860,2519,33,100.736
ARRIVAL,19317.230,2534,10,8.813,147.977
ARRIVAL,19317.433,2535,17,7.427,118.262
COMPLETE,19319.141,2521,44,108.475
TIMEOUT,19325.216,2467,45
ARRIVAL,19335.216,2536,45,10.566,208.077
COMPLETE,19344.215,2520,20,135.015
COMPLETE,19355.305,2522,3,128.009
TIMEOUT,19355.730,2478,2
COMPLETE,19363.600,2510,43,227.051
TIMEOUT,19363.647,2512,8
ARRIVAL,19365.730,2537,2,17.070,114.689
TIMEOUT,19369.724,2511,39
TIMEOUT,19369.824,2497,49
ARRIVAL,19373.647,2538,8,56.577,290.512
ARRIVAL,19379.724,2539,39,5.976,241.308
ARRIVAL,19379.824,2540,49,164.345,220.942
ARRIVAL,19380.575,2541,21,110.037,233.534
ARRIVAL,19387.140,2542,26,28.465,295.305
ARRIVAL,19389.832,2543,13,6.461,273.965
COMPLETE,19391.284,2530,5,106.074
TIMEOUT,19392.292,2518,9
COMPLETE,19392.331,2527,4,124.299
ARRIVAL,19400.727,2544,24,43.033,179.833
ARRIVAL,19402.292,2545,9,41.828,224.044
COMPLETE,19406.288,2529,41,121.362
TIMEOUT,19410.185,2479,29
ARRIVAL,19420.185,2546,29,24.249,114.335
TIMEOUT,19422.471,2504,46
COMPLETE,19422.504,2533,19,115.436
COMPLETE,19422.958,2536,45,87.743
ARRIVAL,19424.278,2547,1,29.467,119.149
COMPLETE,19428.934,2539,39,49.210
COMPLETE,19431.317,2534,10,114.087
ARRIVAL,19432.471,2548,46,9.837,170.842
TIMEOUT,19433.777,2507,31
ARRIVAL,19443.777,2549,31,7.729,280.433
TIMEOUT,19447.575,2509,32
ARRIVAL,19457.575,2550,32,7.940,163.459
TIMEOUT,19457.812,2535,17
TIMEOUT,19458.405,2524,7
ARRIVAL,19461.481,2551,14,31.563,185.743
ARRIVAL,19461.767,2552,22,51.412,119.158
COMPLETE,19464.645,2537,2,98.915
TIMEOUT,19465.640,2503,34
ARRIVAL,19467.812,2553,17,6.644,227.903
ARRIVAL,19468.405,2554,7,54.525,237.825
ARRIVAL,19475.640,2555,34,3.032,200.652
COMPLETE,19483.655,2528,18,211.017
COMPLETE,19490.117,2543,13,100.285
TIMEOUT,19497.879,2493,6
ARRIVAL,19506.774,2556,48,10.735,281.384
ARRIVAL,19507.879,2557,6,9.692,278.551
COMPLETE,19508.442,2548,46,75.971
ARRIVAL,19511.695,2558,11,18.570,135.552
ARRIVAL,19512.186,2559,36,39.619,206.905
COMPLETE,19516.172,2549,31,72.395
ARRIVAL,19518.325,2560,23,13.038,118.020
ARRIVAL,19528.801,2561,43,23.718,291.529
ARRIVAL,19529.491,2562,41,77.013,291.460
TIMEOUT,19541.486,2516,28
ARRIVAL,19548.501,2563,5,8.214,194.772
COMPLETE,19549.591,2532,15,242.872
ARRIVAL,19551.486,2564,28,45.434,169.432
COMPLETE,19552.623,2555,34,76.984
COMPLETE,19558.357,2550,32,100.782
COMPLETE,19563.016,2553,17,95.204
ARRIVAL,19565.328,2565,2,72.141,269.338
TIMEOUT,19565.551,2508,27
TIMEOUT,19571.301,2525,37
ARRIVAL,19575.551,2566,27,51.438,104.795
ARRIVAL,19581.301,2567,37,51.411,107.063
COMPLETE,19586.922,2542,26,199.782
COMPLETE,19591.294,2558,11,79.599
ARRIVAL,19594.803,2568,19,95.783,197.905
COMPLETE,19602.135,2556,48,95.361
ARRIVAL,19616.541,2569,10,57.997,228.878
ARRIVAL,19620.397,2570,13,2.700,208.470
ARRIVAL,19622.672,2571,40,17.986,116.441
ARRIVAL,19629.141,2572,4,10.888,177.574
COMPLETE,19635.543,2557,6,127.664
COMPLETE,19638.812,2538,8,265.165
TIMEOUT,19640.160,2560,23
TIMEOUT,19640.961,2547,1
ARRIVAL,19646.712,2573,16,35.198,269.553
COMPLETE,19647.026,2563,5,98.525
ARRIVAL,19650.160,2574,23,89.779,115.870
ARRIVAL,19650.961,2575,1,10.103,116.737
ARRIVAL,19652.772,2576,20,110.866,269.628
TIMEOUT,19659.892,2546,29
ARRIVAL,19664.758,2577,33,35.059,225.238
TIMEOUT,19665.915,2531,0
TIMEOUT,19669.808,2515,25
ARRIVAL,19669.892,2578,29,32.520,228.551
ARRIVAL,19670.997,2579,15,73.616,122.083
ARRIVAL,19675.915,2580,0,38.450,293.762
ARRIVAL,19679.808,2581,25,16.626,217.453
ARRIVAL,19682.825,2582,44,54.149,132.458
ARRIVAL,19684.824,2583,47,5.806,186.323
ARRIVAL,19687.472,2584,26,13.870,220.812
TIMEOUT,19691.923,2551,14
COMPLETE,19692.608,2570,13,72.210
ARRIVAL,19701.923,2585,14,7.440,115.791
TIMEOUT,19715.056,2544,24
ARRIVAL,19725.056,2586,24,15.640,273.656
ARRIVAL,19726.502,2587,39,2.042,275.056
TIMEOUT,19727.453,2526,30
COMPLETE,19733.042,2571,40,110.370
ARRIVAL,19737.453,2588,30,15.192,181.178
COMPLETE,19742.911,2575,1,91.950
ARRIVAL,19747.754,2589,45,3.561,126.131
ARRIVAL,19748.203,2590,17,7.092,152.395
ARRIVAL,19749.148,2591,18,16.020,273.381
TIMEOUT,19749.381,2545,9
COMPLETE,19752.349,2572,4,123.208
TIMEOUT,19752.660,2559,36
TIMEOUT,19754.323,2552,22
COMPLETE,19756.067,2561,43,227.266
ARRIVAL,19756.664,2592,3,0.936,277.147
ARRIVAL,19756.801,2593,31,3.970,233.742
ARRIVAL,19759.124,2594,8,35.405,194.025
ARRIVAL,19759.381,2595,9,1.259,188.819
ARRIVAL,19762.660,2596,36,30.444,193.534
ARRIVAL,19764.323,2597,22,2.891,292.375
ARRIVAL,19767.471,2598,46,5.017,244.942
COMPLETE,19791.049,2581,25,111.241
ARRIVAL,19799.287,2599,5,4.977,181.010
TIMEOUT,19804.106,2554,7
ARRIVAL,19805.421,2600,38,139.974,214.950
ARRIVAL,19814.106,2601,7,11.078,297.372
COMPLETE,19816.955,2583,47,132.132
ARRIVAL,19828.866,2602,6,65.015,194.422
TIMEOUT,19851.746,2585,14
COMPLETE,19852.253,2573,16,205.541
ARRIVAL,19853.199,2603,48,14.491,237.624
COMPLETE,19854.295,2587,39,127.793
ARRIVAL,19861.746,2604,14,23.573,232.840
COMPLETE,19867.031,2584,26,179.558
ARRIVAL,19868.228,2605,11,9.664,182.495
COMPLETE,19870.315,2591,18,121.168
ARRIVAL,19876.856,2606,32,21.455,162.868
TIMEOUT,19880.227,2589,45
COMPLETE,19881.163,2592,3,124.499
COMPLETE,19882.671,2586,24,157.615
COMPLETE,19882.835,2578,29,212.943
TIMEOUT,19886.598,2564,28
COMPLETE,19886.805,2593,31,130.004
COMPLETE,19887.038,2588,30,149.585
COMPLETE,19889.763,2590,17,141.560
ARRIVAL,19890.227,2607,45,13.119,221.928
ARRIVAL,19892.749,2608,25,37.043,219.811
ARRIVAL,19892.891,2609,40,56.114,265.062
ARRIVAL,19896.598,2610,28,27.893,183.647
TIMEOUT,19901.656,2577,33
ARRIVAL,19905.924,2611,43,26.763,117.179
COMPLETE,19908.163,2595,9,148.782
ARRIVAL,19911.656,2612,33,71.976,167.334
TIMEOUT,19925.176,2562,41
COMPLETE,19925.588,2580,0,249.673
COMPLETE,19928.067,2597,22,163.744
COMPLETE,19933.083,2598,46,165.613
ARRIVAL,19935.176,2613,41,34.450,112.509
ARRIVAL,19949.574,2614,4,3.291,128.660
TIMEOUT,19953.295,2566,27
ARRIVAL,19963.295,2615,27,8.719,184.081
ARRIVAL,19973.217,2616,18,7.401,202.250
ARRIVAL,19974.803,2617,13,11.255,299.810
TIMEOUT,19981.574,2567,37
ARRIVAL,19983.708,2618,29,11.007,244.586
TIMEOUT,19983.785,2569,10
COMPLETE,19984.473,2601,7,170.366
ARRIVAL,19985.772,2619,3,68.383,256.303
TIMEOUT,19986.551,2599,5
ARRIVAL,19991.574,2620,37,27.610,289.622
ARRIVAL,19993.328,2621,30,68.773,132.058
ARRIVAL,19993.785,2622,10,74.746,241.745
ARRIVAL,19995.694,2623,16,0.282,225.562
ARRIVAL,19996.551,2624,5,72.395,135.164
